station_name,station_id,lat,lng
2112 W Peterson Ave,1,41.991161729691882,-87.683592172455619
63rd St Beach,2,41.781052497804261,-87.57612809187053
900 W Harrison St,3,41.8747676018918,-87.64980477396098
Aberdeen St & Jackson Blvd,4,41.877720779404491,-87.654792138860159
Aberdeen St & Monroe St,5,41.880414761538468,-87.655516799346842
Aberdeen St & Randolph St,6,41.884114663376479,-87.654270784691519
Ada St & 113th St,7,41.687469137931032,-87.655402183908052
Ada St & Washington Blvd,8,41.8828258074008,-87.661193876144679
Adler Planetarium,9,41.866098194981952,-87.607277089036288
Albany Ave & 26th St,10,41.844482189581107,-87.702013297253487
Albany Ave & Bloomingdale Ave,11,41.914013613689015,-87.705121942902181
Albany Ave & Montrose Ave,12,41.961019064088191,-87.7058489609025
Archer (Damen) Ave & 37th St,13,41.8267091008958,-87.6831335140264
Artesian Ave & Hubbard St,14,41.889500038730993,-87.688160056572528
Ashland Ave & 13th St,15,41.865239364255338,-87.66650679165005
Ashland Ave & 50th St,16,41.803032728464423,-87.66468601935081
Ashland Ave & 63rd St,17,41.779376526666667,-87.6648435025
Ashland Ave & 66th St,18,41.774078419590644,-87.663794831871328
Ashland Ave & 69th St,19,41.768722237410081,-87.664072342925664
Ashland Ave & 73rd St,20,41.761225534608833,-87.663361502829261
Ashland Ave & 74th St,21,41.759219399843928,-87.663487162199317
Ashland Ave & 78th St,22,41.752214965145562,-87.6637218924807
Ashland Ave & Archer Ave,23,41.839195185041582,-87.6656100381069
Ashland Ave & Augusta Blvd,24,41.89962983017773,-87.667750620862307
Ashland Ave & Belle Plaine Ave,25,41.956070115284724,-87.6688187860323
Ashland Ave & Blackhawk St,26,41.907073152694025,-87.667255408251563
Ashland Ave & Chicago Ave,27,41.895976759746233,-87.66773009523817
Ashland Ave & Division St,28,41.903456521253545,-87.667747528336434
Ashland Ave & Garfield Blvd,29,41.792828108955227,-87.664323139801
Ashland Ave & Grace St,30,41.95068595222223,-87.668699752846
Ashland Ave & Grand Ave,31,41.891080183652669,-87.666614827455817
Ashland Ave & Lake St,32,41.885917333144533,-87.667174408279408
Ashland Ave & Mcdowell Ave,33,41.808883108197705,-87.66451635352621
Ashland Ave & Pershing Rd,34,41.823474321969691,-87.665584750582752
Ashland Ave & Wellington Ave,35,41.936082131524081,-87.669810054542566
Ashland Ave & Wrightwood Ave,36,41.928822594782289,-87.668497207899335
Austin Blvd & Chicago Ave,37,41.894891742324553,-87.7746244629934
Austin Blvd & Lake St,38,41.8879138798229,-87.774420143421864
Austin Blvd & Madison St,39,41.88028506860158,-87.774469120492526
Avenue O & 118th St,40,41.681026876339764,-87.53795817000298
Avenue O & 134th St,41,41.651915718427695,-87.539632851746063
Avers Ave & Belmont Ave,42,41.939403440680763,-87.723574831295423
Avondale Ave & Irving Park Rd,43,41.953381144111852,-87.731969434162451
Baltimore Ave & 87th St,44,41.737337189205242,-87.548496588455421
Base - 2132 W Hubbard Warehouse,45,41.889946336548149,-87.680376273228973
Bennett Ave & 79th St,46,41.751792914772729,-87.578500970643958
Benson Ave & Church St,47,42.048205401363951,-87.683488295803542
Bernard St & Elston Ave,48,41.949897843269454,-87.713902351194676
Big Marsh Park,49,41.685971441806366,-87.5734467604595
Bissell St & Armitage Ave,50,41.918433163874717,-87.652214174375715
Blackstone Ave & Hyde Park Blvd,51,41.802578502223717,-87.590375766255008
Blue Island Ave & 18th St,52,41.857560762022317,-87.661525535253247
Bosworth Ave & Howard St,53,42.019526534667961,-87.66956674804689
Bradley Park,54,41.717891094242063,-87.5646195348444
Broadway & Argyle St,55,41.973801209613065,-87.659675447063776
Broadway & Barry Ave,56,41.937610986894825,-87.6440983030685
Broadway & Belmont Ave,57,41.940105804714484,-87.645460758279057
Broadway & Berwyn Ave,58,41.978360871037069,-87.659762489999778
Broadway & Cornelia Ave,59,41.945522751037977,-87.646432521233351
Broadway & Granville Ave,60,41.99474985875414,-87.660269949077545
Broadway & Ridge Ave,61,41.984029433052434,-87.66027167929164
Broadway & Sheridan Rd,62,41.952819568100324,-87.649993560083
Broadway & Thorndale Ave,63,41.989723833954606,-87.660123665291238
Broadway & Waveland Ave,64,41.949077047149494,-87.648628999661838
Broadway & Wilson Ave,65,41.9652166247384,-87.658146933477056
Buckingham Fountain,66,41.876501588687539,-87.620530890130141
Budlong Woods Library,67,41.98367426126439,-87.696415852768808
Burling St & Diversey Pkwy,68,41.933124118287431,-87.647757831662858
Burling St (Halsted) & Diversey Pkwy,69,41.933126950959668,-87.64776993276395
Burnham Greenway & 105th St,70,41.704598845374143,-87.528314942043934
Burnham Harbor,71,41.856259668722629,-87.61333579038
California Ave & 21st St,72,41.853809264086465,-87.695733936681592
California Ave & 23rd Pl,73,41.849107868503644,-87.695129732439042
California Ave & 26th St,74,41.84404946482141,-87.695301234162926
California Ave & Altgeld St,75,41.926684965026027,-87.697683336059512
California Ave & Byron St,76,41.952162420908465,-87.698059423583388
California Ave & Cortez St,77,41.9003743211276,-87.696701770726989
California Ave & Division St,78,41.903021312403375,-87.697482551765489
California Ave & Fletcher St,79,41.938414792436824,-87.697988454736318
California Ave & Francis Pl,80,41.918501471734579,-87.697409484945638
California Ave & Lake St,81,41.8844669807187,-87.696276945812
California Ave & Milwaukee Ave,82,41.922687805448945,-87.697151568788641
California Ave & Montrose Ave,83,41.961075036328296,-87.695420772770873
California Ave & North Ave,84,41.91043146309633,-87.697181474400949
Calumet Ave & 18th St,85,41.85761822624508,-87.619413941391258
Calumet Ave & 21st St,86,41.854187860132804,-87.6191648464876
Calumet Ave & 33rd St,87,41.834892284003125,-87.617920231446163
Calumet Ave & 35th St,88,41.831398192321046,-87.618020441510311
Calumet Ave & 51st St,89,41.802291697620859,-87.618066953403158
Calumet Ave & 71st St,90,41.7655304954688,-87.616895824839219
Campbell Ave & Fullerton Ave,91,41.9246294222968,-87.6892997430097
Campbell Ave & Montrose Ave,92,41.961524208201631,-87.691167816612491
Campbell Ave & North Ave,93,41.910524023263591,-87.689555729537673
Canal St & Adams St,94,41.8793015757937,-87.63990345417514
Canal St & Harrison St,95,41.874271161970654,-87.639584718867908
Canal St & Jackson Blvd,96,41.877235076289423,-87.639388254422869
Canal St & Madison St,97,41.88209739862873,-87.639791475729467
Canal St & Monroe St,98,41.881695398882869,-87.639499063081075
Canal St & Taylor St,99,41.870254522491663,-87.639473614479229
Cannon Dr & Fullerton Ave,100,41.926763704793842,-87.634426808906781
Carpenter St & 63rd St,101,41.779877170138896,-87.650912388888884
Carpenter St & Huron St,102,41.894569946533196,-87.65343241786411
Central Ave & Chicago Ave,103,41.894963629484309,-87.764906962070256
Central Ave & Harrison St,104,41.873000019262982,-87.764300102596323
Central Ave & Lake St,105,41.887670645833325,-87.765472369391
Central Ave & Madison St,106,41.880121308164512,-87.763203919275639
Central Park Ave & 24th St,107,41.84810160219299,-87.71507467894736
Central Park Ave & Bloomingdale Ave,108,41.914169991194953,-87.7167599278695
Central Park Ave & Elbridge Ave,109,41.935328932767156,-87.716873606299743
Central Park Ave & North Ave,110,41.909665343343221,-87.716624748640683
Central Park Ave & Ogden Ave,111,41.8540664633574,-87.715108659565985
Central Park Blvd & 5th Ave,112,41.875684709689075,-87.715476332971818
Central St & Girard Ave,113,42.064306831327428,-87.686158595693257
Central St Metra,114,42.06362333387154,-87.698713388410482
Cherry Ave & Blackhawk St,115,41.907212378318142,-87.655614032624115
Chicago Ave & Dempster St,116,42.041697120266,-87.680685763976555
Chicago Ave & Sheridan Rd,117,42.050489623056109,-87.677815347317008
Chicago Ave & Washington St,118,42.032559289323316,-87.67911243260653
Christiana Ave & Lawrence Ave,119,41.968340328267864,-87.711796903168548
Cicero Ave & Flournoy St,120,41.872126086374706,-87.7466175109489
Cicero Ave & Lake St,121,41.886834461187213,-87.745275216894981
Cicero Ave & Quincy St,122,41.877616171503952,-87.745401002638516
Cityfront Plaza Dr & Pioneer Ct,123,41.890562863377589,-87.622086501341073
Claremont Ave & Hirsch St,124,41.907792724859625,-87.685870953590268
Clarendon Ave & Gordon Ter,125,41.957923880627789,-87.649518214091913
Clarendon Ave & Junior Ter,126,41.961001193096081,-87.6495923851425
Clarendon Ave & Leland Ave,127,41.967968917860517,-87.649998519198775
Clark St & 9th St (Amli),128,41.870818148481511,-87.631217176534321
Clark St & Armitage Ave,129,41.918302225360165,-87.636291034726284
Clark St & Berwyn Ave,130,41.977992992399059,-87.668033078971717
Clark St & Bryn Mawr Ave,131,41.9835826629841,-87.669158670983137
Clark St & Chicago Ave,132,41.896750965694515,-87.630888201951421
Clark St & Columbia Ave,133,42.0044579564784,-87.672397757824484
Clark St & Drummond Pl,134,41.931239776702995,-87.644322914143885
Clark St & Elm St,135,41.902963895113132,-87.631312305029311
Clark St & Elmdale Ave,136,41.990508802832252,-87.669806697985436
Clark St & Grace St,137,41.950791655716721,-87.65917742755768
Clark St & Ida B Wells Dr,138,41.875931473039991,-87.630611093913927
Clark St & Jarvis Ave,139,42.015946094078309,-87.674987282394156
Clark St & Lake St,140,41.886010527997961,-87.630891335330645
Clark St & Leland Ave,141,41.967088669499915,-87.667416374841665
Clark St & Lincoln Ave,142,41.915695953277293,-87.634604453296348
Clark St & Lunt Ave,143,42.009079096720214,-87.6742052104131
Clark St & Montrose Ave,144,41.961588666451924,-87.666050284978
Clark St & Newport St,145,41.944530299160796,-87.654688763763815
Clark St & North Ave,146,41.911975766916171,-87.631943087520355
Clark St & Randolph St,147,41.8845994420964,-87.6318682807715
Clark St & Schiller St,148,41.907993060008089,-87.631506046365544
Clark St & Schreiber Ave,149,41.999255942024611,-87.671374550537053
Clark St & Touhy Ave,150,42.012569745709357,-87.674357739916545
Clark St & Wellington Ave,151,41.936496977668149,-87.647539603276982
Clark St & Winnemac Ave,152,41.973321451143335,-87.668021589125985
Clark St & Wrightwood Ave,153,41.929537076147376,-87.6431195341059
Clifton Ave & Armitage Ave,154,41.91820990571194,-87.65693099789496
Clinton St & 18th St,155,41.857958481068714,-87.640826809937167
Clinton St & Jackson Blvd,156,41.878095445721854,-87.639837647468227
Clinton St & Lake St,157,41.88560948106808,-87.6418113960577
Clinton St & Madison St,158,41.882208881273435,-87.641087672904575
Clinton St & Polk St,159,41.871485169453273,-87.6409342177062
Clinton St & Roosevelt Rd,160,41.8671174410221,-87.641087890941023
Clinton St & Tilden St,161,41.875895247001793,-87.640787663161959
Clinton St & Washington Blvd,162,41.8833964086954,-87.641190565745632
Clybourn Ave & Division St,163,41.904603607186552,-87.640561688627884
Clyde Ave & 87th St,164,41.737161096769476,-87.572725853771658
Columbus Dr & Randolph St,165,41.88469608821466,-87.619525996983867
Commercial Ave & 130th St,166,41.659145835155172,-87.550772850213079
Commercial Ave & 83rd St,167,41.744803841222883,-87.551318969756736
Conservatory Dr & Lake St,168,41.885498851095726,-87.7168227019608
Constance Ave & 95th St,169,41.722334433732065,-87.579046956502921
Cornell Ave & Hyde Park Blvd,170,41.802438330406247,-87.586927988832471
Cornell Dr & Hayes Dr,171,41.78059434210526,-87.5848583985208
Cottage Grove Ave & 111th Pl,172,41.691694782149376,-87.610002214689061
Cottage Grove Ave & 43rd St,173,41.816522936686781,-87.6065869644534
Cottage Grove Ave & 47th St,174,41.809867093645494,-87.6067686980057
Cottage Grove Ave & 51st St,175,41.803026729832567,-87.606610505682411
Cottage Grove Ave & 63rd St,176,41.780610845428754,-87.606081394224987
Cottage Grove Ave & 67th St,177,41.773718487929244,-87.605627713888879
Cottage Grove Ave & 71st St,178,41.765714976050482,-87.604974430307109
Cottage Grove Ave & 78th St,179,41.753184922456143,-87.605022908771929
Cottage Grove Ave & 83rd St,180,41.743433446745556,-87.6048334237344
Cottage Grove Ave & Oakwood Blvd,181,41.822974455184493,-87.607086878362921
Daley Center Plaza,182,41.884215194458179,-87.62963131928737
Damen Ave & 51st St,183,41.800910108024695,-87.6746855925926
Damen Ave & 59th St,184,41.7860193501805,-87.674168072202164
Damen Ave & Charleston St,185,41.920083468389443,-87.677873218210365
Damen Ave & Chicago Ave,186,41.895762396252643,-87.677196952948037
Damen Ave & Clybourn Ave,187,41.931917874937554,-87.677855653346654
Damen Ave & Cortland St,188,41.915984288364953,-87.6773188117213
Damen Ave & Coulter St,189,41.849199896054969,-87.675636391289885
Damen Ave & Cullerton St,190,41.855016181211049,-87.675773936522816
Damen Ave & Division St,191,41.903277685074144,-87.678428146237124
Damen Ave & Foster Ave,192,41.975601014268165,-87.679464656249863
Damen Ave & Grand Ave,193,41.891288205340132,-87.676863310962631
Damen Ave & Leland Ave,194,41.967093518504726,-87.679014151263729
Damen Ave & Madison St,195,41.881383338432329,-87.674918627674487
Damen Ave & Melrose Ave,196,41.940594601489579,-87.67850897640966
Damen Ave & Pershing Rd,197,41.823193595315018,-87.676598934302646
Damen Ave & Pierce Ave,198,41.909396544275069,-87.6776920753665
Damen Ave & Sunnyside Ave,199,41.96326464544466,-87.679273834057867
Damen Ave & Thomas St (Augusta Blvd),200,41.901315495041359,-87.6774140321368
Damen Ave & Walnut (Lake) St,201,41.88596855344661,-87.677001734755365
Damen Ave & Wellington Ave,202,41.935880706620729,-87.678408609118321
Dauphin Ave & 103rd St,203,41.707281802245646,-87.607675668705113
Dauphin Ave & 87th St,204,41.736513836450371,-87.6012613459836
Dayton St & North Ave,205,41.910585107722007,-87.649415858709759
Dearborn Pkwy & Delaware Pl,206,41.898965249038405,-87.629908949902415
Dearborn St & Adams St,207,41.879348403244272,-87.629786608088793
Dearborn St & Erie St,208,41.894004025551475,-87.629318830077878
Dearborn St & Monroe St,209,41.881282548492749,-87.629546436129587
Dearborn St & Van Buren St,210,41.876282082990905,-87.629195539017459
Delano Ct & Roosevelt Rd,211,41.867494401573879,-87.6321897279821
Desplaines St & Jackson Blvd,212,41.878284887875445,-87.6439180246837
Desplaines St & Kinzie St,213,41.888695454279208,-87.644429011216161
Desplaines St & Randolph St,214,41.8846090460615,-87.644564848583087
Dodge Ave & Church St,215,42.048306590242341,-87.698261935693012
Dodge Ave & Main St,216,42.034668510969531,-87.6991820731436
Dodge Ave & Mulford St,217,42.023497016386372,-87.6996016654808
Dorchester Ave & 49th St,218,41.805806946089426,-87.592495484372662
Dorchester Ave & 63rd St,219,41.780411789382121,-87.591395891682438
Drake Ave & Addison St,220,41.947319758385731,-87.717593624213848
Drake Ave & Fullerton Ave,221,41.924395586869743,-87.715426587461678
Drake Ave & Montrose Ave,222,41.961169088610923,-87.716523900888546
Dusable Harbor,223,41.886971423663276,-87.612812842436384
Dusable Museum,224,41.791574580034762,-87.607866557954182
East End Ave & 87th St,225,41.736806473161238,-87.58281941445766
Eastlake Ter & Rogers Ave,226,42.020888072780515,-87.665070938070457
Eberhart Ave & 131st St,227,41.657994598188928,-87.610778076431671
Eberhart Ave & 61st St,228,41.784135992227242,-87.613297657599446
Eberhart Ave & 91st St,229,41.729265964660016,-87.611815654764484
Eckhart Park,230,41.89637944172425,-87.660985364936082
Eggleston Ave & 69th St,231,41.768898470260226,-87.635874916976434
Eggleston Ave & 92nd St,232,41.727618023133317,-87.634876090900619
Elizabeth (May) St & Fulton St,233,41.88660890477545,-87.658072300835116
Elizabeth St & 47th St,234,41.808395698453609,-87.6565254347079
Elizabeth St & 59th St,235,41.786692384615378,-87.655865307692324
Elizabeth St & 92nd St,236,41.7268054036623,-87.65429083979781
Ellis Ave & 53rd St,237,41.799332697659523,-87.600972875957041
Ellis Ave & 55th St,238,41.794297276698266,-87.601460895794489
Ellis Ave & 58th St,239,41.788732613733721,-87.601316740260216
Ellis Ave & 60th St,240,41.785106380948648,-87.601080716467649
Ellis Ave & 83rd St,241,41.744125295061735,-87.599042057407416
Elmwood Ave & Austin St,242,42.025805081262938,-87.684102294306413
Elston Ave & Wabansia Ave,243,41.912910899097731,-87.664176058266619
Emerald Ave & 28th St,244,41.843592826562137,-87.64538081979093
Emerald Ave & 31st St,245,41.838200253772811,-87.645110867571148
Evans Ave & 75th St,246,41.758495480864191,-87.606405705555559
Evanston Civic Center,247,42.057035272283883,-87.686565162209888
Ewing Ave & Burnham Greenway,248,41.712726052773739,-87.534735841063437
Exchange Ave & 79th St,249,41.751994293183941,-87.552964968253974
Fairbanks Ct & Grand Ave,250,41.891848930256629,-87.620595438594677
Fairbanks St & Superior St,251,41.895733956170417,-87.6201182293037
Fairfield Ave & Roosevelt Rd,252,41.866626366377758,-87.694513177681458
Federal St & Polk St,253,41.872094063267092,-87.629537297118745
Field Blvd & South Water St,254,41.88630169279562,-87.617491951168333
Field Museum,255,41.865319986834685,-87.617887913759574
Financial Pl & Ida B Wells Dr,256,41.875019090352353,-87.6330943886554
Fort Dearborn Dr & 31st St,257,41.838559902345452,-87.608213816227547
Francisco Ave & Foster Ave,258,41.975622421834281,-87.701395339241429
Franklin St & Adams St,259,41.8794079522183,-87.635484343001636
Franklin St & Chicago Ave,260,41.896740511156828,-87.635684001073727
Franklin St & Illinois St,261,41.89101796660885,-87.635478050169866
Franklin St & Jackson Blvd,262,41.877723601624332,-87.635299781201837
Franklin St & Lake St,263,41.885837122721725,-87.635493105668516
Franklin St & Monroe St,264,41.880292330415692,-87.635221104824623
Glenwood Ave & Morse Ave,265,42.007957481213715,-87.6654923876204
Glenwood Ave & Touhy Ave,266,42.012687190563504,-87.666056696491879
Green St & Madison St,267,41.8818903948875,-87.648781087296044
Green St & Randolph St,268,41.88367408855428,-87.648654139100131
Greenview Ave & Diversey Pkwy,269,41.932594557257282,-87.66594250420502
Greenview Ave & Fullerton Ave,270,41.925337814158588,-87.665794573348862
Greenview Ave & Jarvis Ave,271,42.015972205130836,-87.668584783452275
Greenwood Ave & 47th St,272,41.80982816507936,-87.599376732055745
Greenwood Ave & 79th St,273,41.751293636029416,-87.597550975081688
Greenwood Ave & 91st St,274,41.728561485005294,-87.5972832598313
Greenwood Ave & 97th St,275,41.718719156609019,-87.596995240572042
Hale Ave & 107th St,276,41.699223513888889,-87.668862131944451
Halsted St & 104th St,277,41.705140021739133,-87.642392148550726
Halsted St & 111th St,278,41.69228939664864,-87.6426951944472
Halsted St & 18th St,279,41.857504309825948,-87.646262568199177
Halsted St & 21st St,280,41.853762954985122,-87.646605679916263
Halsted St & 35th St,281,41.830679928898206,-87.647169521730873
Halsted St & 37th St,282,41.827082088118331,-87.645710683196612
Halsted St & 47th Pl,283,41.808140076733771,-87.64561932529827
Halsted St & 51st St,284,41.801823003579983,-87.64521309839381
Halsted St & 56th St,285,41.792940402767634,-87.644997466844785
Halsted St & 59th St,286,41.787533838414639,-87.644880773374
Halsted St & 63rd St,287,41.779388478479149,-87.644619647094956
Halsted St & 69th St,288,41.769065298976969,-87.644612814113373
Halsted St & 73rd St,289,41.7616096254613,-87.644153162811762
Halsted St & 78th St,290,41.752498124996883,-87.643846167276877
Halsted St & 96th St,291,41.719716837462705,-87.6429555822605
Halsted St & Archer Ave,292,41.847202758689363,-87.646802322230286
Halsted St & Clybourn Ave,293,41.909663758966957,-87.648114766277175
Halsted St & Dickens Ave,294,41.919935207239263,-87.648827742058174
Halsted St & Maxwell St,295,41.86489112737717,-87.647078611965341
Halsted St & North Branch St,296,41.89937154220079,-87.648483634966738
Halsted St & Polk St,297,41.8718265814832,-87.64663479236637
Halsted St & Roosevelt Rd,298,41.867322261956367,-87.648620099365345
Halsted St & Roscoe St,299,41.943677643903392,-87.6489559152093
Halsted St & Willow St,300,41.913866582869574,-87.648763209936163
Halsted St & Wrightwood Ave,301,41.929137134139772,-87.649088902032048
Harper Ave & 59th St,302,41.787942357329761,-87.588319678180582
Hegewisch Metra Station,303,41.648500631332048,-87.5460896938095
Hermitage Ave & Polk St,304,41.87151298798431,-87.669885924885662
Homewood Ave & 115th St,305,41.684593020167327,-87.670787886851443
Honore St & Division St,306,41.90311888837072,-87.673918381273808
Houston Ave & 92nd St,307,41.72820267926992,-87.54967311146099
Hoyne Ave & 47th St,308,41.808227233521656,-87.6771928888889
Hoyne Ave & Balmoral Ave,309,41.979868463620285,-87.681925025499808
HQ QR,310,41.8899,-87.6803
Hubbard St Bike Checking (Lbs-Wh-Test),311,41.889968211027167,-87.6806000287056
Hubbard_Test_Lws,312,41.89,-87.68
Humboldt Blvd & Armitage Ave,313,41.917510740935192,-87.701791335764071
Indiana Ave & 103rd St,314,41.70716823775053,-87.618435249409686
Indiana Ave & 26th St,315,41.845691079237525,-87.622493515200219
Indiana Ave & 31st St,316,41.83883422660486,-87.621862618098092
Indiana Ave & 40th St,317,41.821685594889466,-87.621579043927639
Indiana Ave & Roosevelt Rd,318,41.867897209738857,-87.623031692320382
Jefferson St & Monroe St,319,41.880415252351362,-87.642725401909658
Jeffery Blvd & 67th St,320,41.773516308897513,-87.577168810377515
Jeffery Blvd & 71st St,321,41.766676679017749,-87.576457287846964
Jeffery Blvd & 76th St,322,41.757256544333181,-87.575892663858355
Jeffery Blvd & 91st St,323,41.729741798366994,-87.575846654498633
Karlov Ave & Madison St,324,41.880858635555555,-87.727907874444455
Kedzie Ave & 21st St,325,41.853525498921982,-87.705078055023677
Kedzie Ave & 24th St,326,41.848195354709809,-87.70541105009616
Kedzie Ave & Bryn Mawr Ave,327,41.982382152061042,-87.708913159397071
Kedzie Ave & Chicago Ave,328,41.895472110943906,-87.7060979528407
Kedzie Ave & Foster Ave,329,41.97567519004108,-87.70927130861314
Kedzie Ave & Harrison St,330,41.873603301771126,-87.704877739983772
Kedzie Ave & Lake St,331,41.884580430671384,-87.706262977424316
Kedzie Ave & Leland Ave,332,41.966686426005133,-87.708061796606344
Kedzie Ave & Milwaukee Ave,333,41.929576232244784,-87.707870112443757
Kedzie Ave & Palmer Ct,334,41.921514240273588,-87.707306661818578
Kedzie Ave & Roosevelt Rd,335,41.866498745608588,-87.706494318542667
Kenton Ave & Madison St,336,41.880706732741615,-87.741018140039429
Keystone Ave & Fullerton Ave,337,41.9245815504518,-87.727852843289824
Keystone Ave & Montrose Ave,338,41.961071302918334,-87.7289309108702
Kilbourn Ave & Irving Park Rd,339,41.95370420575933,-87.740522627574
Kilbourn Ave & Milwaukee Ave,340,41.948812272739652,-87.739996822440077
Kildare Ave & Montrose Ave,341,41.961082248046871,-87.735691587109386
Kimball Ave & Belmont Ave,342,41.939392269283751,-87.711561437819739
Kimbark Ave & 53rd St,343,41.799583996160656,-87.594735428019987
Kingsbury St & Erie St,344,41.893807704664191,-87.641696943357289
Kingsbury St & Kinzie St,345,41.889192992430708,-87.638501411531351
Knox Ave & Montrose Ave,346,41.960629232588275,-87.745375401846474
Kosciuszko Park,347,41.930586193573433,-87.7237554991272
Kostner Ave & Adams St,348,41.877915771996612,-87.735787728003388
Kostner Ave & Lake St,349,41.885924547854785,-87.735402516501651
Laflin St & Cullerton St,350,41.854909173788784,-87.663575637886339
Lake Park Ave & 35th St,351,41.831275652901695,-87.6087894057451
Lake Park Ave & 47th St,352,41.809478320411607,-87.591891787921753
Lake Park Ave & 53rd St,353,41.799517937042296,-87.586454904458535
Lake Park Ave & 56th St,354,41.793239520458137,-87.587788601579788
Lake Shore Dr & Belmont Ave,355,41.940774947771132,-87.6391947899994
Lake Shore Dr & Diversey Pkwy,356,41.93258684168309,-87.63642341274722
Lake Shore Dr & Monroe St,357,41.880966330551807,-87.616741000544749
Lake Shore Dr & North Blvd,358,41.911714522235691,-87.626805316174014
Lake Shore Dr & Ohio St,359,41.892570634148896,-87.614508956705038
Lake Shore Dr & Wellington Ave,360,41.936692984442686,-87.6368301089319
Lakefront Trail & Bryn Mawr Ave,361,41.984005709291374,-87.65230156570658
Lakefront Trail & Wilson Ave,362,41.965834741789244,-87.645373533551336
Lakeview Ave & Fullerton Pkwy,363,41.925865156029353,-87.638978923144364
Laramie Ave & Gladys Ave,364,41.875807065476188,-87.755291129761915
Laramie Ave & Kinzie St,365,41.887824479302829,-87.7555283714597
Laramie Ave & Madison St,366,41.880209189095126,-87.75533933372003
Larrabee St & Armitage Ave,367,41.918086224588315,-87.64374127860539
Larrabee St & Division St,368,41.903492784488364,-87.643359766953807
Larrabee St & Kingsbury St,369,41.8977627475279,-87.642912674178461
Larrabee St & Menomonee St,370,41.914686876649967,-87.6433162690032
Larrabee St & North Ave,371,41.91019871551994,-87.6435016492488
Larrabee St & Oak St,372,41.90021514341597,-87.642984516059826
Larrabee St & Webster Ave,373,41.921816925855708,-87.644124878722579
Lasalle Dr & Huron St,374,41.894870889466674,-87.6323035859335
Lasalle St & Adams St,375,41.879343297965512,-87.631967551267962
Lasalle St & Illinois St,376,41.890774063093588,-87.631694900226819
Lasalle St & Jackson Blvd,377,41.878199861299706,-87.631898389065356
Lasalle St & Washington St,378,41.882697452606571,-87.6325285955716
Latrobe Ave & Chicago Ave,379,41.8947388005148,-87.756895548906044
Lawndale Ave & 111th St,380,41.691323095238104,-87.712829869047624
Leavitt St & Addison St,381,41.946645130677737,-87.683355350866378
Leavitt St & Archer Ave,382,41.828790154077019,-87.680605507382651
Leavitt St & Armitage Ave,383,41.917800787270856,-87.682429662811714
Leavitt St & Belmont Ave,384,41.939357923082412,-87.6832679704053
Leavitt St & Chicago Ave,385,41.895500220912261,-87.68200230233289
Leavitt St & Division St,386,41.902996974999994,-87.683804789387423
Leavitt St & Lawrence Ave,387,41.968890055555548,-87.683994734995281
Leavitt St & North Ave,388,41.910315873134707,-87.682332748557428
Lincoln Ave & Addison St,389,41.946179539184463,-87.67330241301363
Lincoln Ave & Belle Plaine Ave,390,41.956007823382606,-87.680202887054918
Lincoln Ave & Belmont Ave,391,41.939369813371108,-87.66837290062368
Lincoln Ave & Diversey Pkwy,392,41.932214727831109,-87.658614271347631
Lincoln Ave & Fullerton Ave,393,41.925905392979018,-87.649268263047489
Lincoln Ave & Roscoe St,394,41.943332875399562,-87.670958464706118
Lincoln Ave & Sunnyside Ave,395,41.962996794409506,-87.684776922317809
Lincoln Ave & Waveland Ave,396,41.948799840890338,-87.675280346544625
Lincoln Ave & Winona St,397,41.974908207101933,-87.692531150318132
Lincoln Park Conservatory,398,41.923935051408115,-87.6358265102653
Lincolnwood Dr & Central St,399,42.064858400981059,-87.7152864731919
Logan Blvd & Elston Ave,400,41.929468061089118,-87.684164397688463
Loomis Blvd & 84th St,401,41.741505908630621,-87.658410604310376
Loomis St & Archer Ave,402,41.841628251101142,-87.65742895971087
Loomis St & Jackson Blvd,403,41.877933701580311,-87.662005211980883
Loomis St & Lexington St,404,41.872191360101972,-87.661494895885667
Major Taylor Trail & 115th St,405,41.68495129040997,-87.645298009670469
Major Taylor Trail & 124th St,406,41.668711705924714,-87.63719570363871
Malcolm X College,407,41.877612168126092,-87.673878093597992
Manor Ave & Leland Ave,408,41.965876906604592,-87.700816523082125
Maplewood Ave & Peterson Ave,409,41.990230515151147,-87.693371317254318
Marine Dr & Ainslie St,410,41.9715901400673,-87.650157947973312
Marquette Ave & 89th St,411,41.733686799673627,-87.558398620117771
Marshfield Ave & 44th St,412,41.814004985795449,-87.666599834280319
Marshfield Ave & 59th St,413,41.786820489898986,-87.666204045454549
Marshfield Ave & Cortland St,414,41.916012708416289,-87.6688897928537
May St & 69th St,415,41.768928446327685,-87.65292611158192
May St & Cullerton St,416,41.8551396370975,-87.654124425578246
May St & Taylor St,417,41.869481287070066,-87.655488326816169
Mcclurg Ct & Erie St,418,41.89449834343398,-87.617930678506013
Mcclurg Ct & Illinois St,419,41.89038378814876,-87.617535544789035
Mccormick Place,420,41.85139181149983,-87.618827507046873
Michigan Ave & 114th St,421,41.687018412731327,-87.621136621457012
Michigan Ave & 14th St,422,41.864105762982994,-87.623728590319487
Michigan Ave & 18th St,423,41.857817609495164,-87.624559853115628
Michigan Ave & 71st St,424,41.765292028333334,-87.621743631666646
Michigan Ave & 8th St,425,41.872761575486564,-87.623983339028527
Michigan Ave & Ida B Wells Dr,426,41.876232701456566,-87.624422311367866
Michigan Ave & Jackson Blvd,427,41.877859787565761,-87.624084761930419
Michigan Ave & Lake St,428,41.886012968280774,-87.624148867862857
Michigan Ave & Madison St,429,41.882122293440851,-87.625139407622143
Michigan Ave & Oak St,430,41.9009725259009,-87.623779880642061
Michigan Ave & Pearson St,431,41.897629735085751,-87.623530522126913
Michigan Ave & Washington St,432,41.883986929385038,-87.624667109711822
Mies Van Der Rohe Way & Chestnut St,433,41.898580912012527,-87.621965578992729
Mies Van Der Rohe Way & Chicago Ave,434,41.896932441113805,-87.621743421578557
Millard Ave & 26th St,435,41.844572703596818,-87.715937738926172
Millennium Park,436,41.881037019590387,-87.624087417208827
Milwaukee Ave & Cuyler Ave,437,41.954478641607,-87.749594794749413
Milwaukee Ave & Grand Ave,438,41.891585368528055,-87.648373982238525
Milwaukee Ave & Rockwell St,439,41.920211877739462,-87.692803450090665
Milwaukee Ave & Wabansia Ave,440,41.912613690623722,-87.681395226391274
Mlk Jr Dr & 29th St,441,41.842054794027526,-87.616989756015172
Mlk Jr Dr & 47th St,442,41.809856577051534,-87.616282585480292
Mlk Jr Dr & 56th St,443,41.79345867551212,-87.615830482313427
Mlk Jr Dr & 63rd St,444,41.78008603791114,-87.615933872497209
Mlk Jr Dr & 83rd St,445,41.743110219187678,-87.614802224789912
Mlk Jr Dr & Pershing Rd,446,41.824608164532066,-87.616790928804633
Monticello Ave & Irving Park Rd,447,41.954003633871181,-87.719104481906584
Montrose Harbor,448,41.963980240851996,-87.638189175826483
Morgan Ave & 14th Pl,449,41.862384989032336,-87.65107865538414
Morgan St & 18th St,450,41.858088780955143,-87.651083619006371
Morgan St & 31st St,451,41.837798579910981,-87.651137146552429
Morgan St & Lake St,452,41.885498636107322,-87.652296049269765
Morgan St & Pershing Rd,453,41.823613105960263,-87.650923816777023
Morgan St & Polk St,454,41.871748738424934,-87.651021532405437
Mtl-Eco5.1-01,455,41.9171,-87.7482
Museum Of Science And Industry,456,41.791767614974553,-87.58395224157664
N Carpenter St & W Lake St,457,41.89,-87.65
N Green St & W Lake St,458,41.89,-87.65
New St & Illinois St,459,41.890809368694434,-87.618590192945376
Noble St & Milwaukee Ave,460,41.900681451883287,-87.6625930036647
Normal Ave & Archer Ave,461,41.84953954918911,-87.6405974636778
Oakley Ave & Irving Park Rd,462,41.954324942124714,-87.686080479648055
Oakley Ave & Touhy Ave,463,42.0123322095165,-87.688233173190056
Ogden Ave & Chicago Ave,464,41.896368776450849,-87.6540654119805
Ogden Ave & Congress Pkwy,465,41.875005734966223,-87.6732688353604
Ogden Ave & Race Ave,466,41.8917946810912,-87.6587657562753
Ogden Ave & Roosevelt Rd,467,41.866504801482485,-87.684677578198915
Oglesby Ave & 100th St,468,41.713347383962578,-87.565885321173383
Orleans St & Chestnut St (Next Apts),469,41.898189165626654,-87.63752187497785
Orleans St & Elm St,470,41.902910536182446,-87.637708142277518
Orleans St & Hubbard St,471,41.8900062697727,-87.636610172887117
Orleans St & Merchandise Mart Plaza,472,41.888200838290409,-87.636427859839287
Paulina Ave & North Ave,473,41.9103339398977,-87.670079897935054
Paulina St & 18th St,474,41.857902389416971,-87.668718481411076
Paulina St & Flournoy St,475,41.872984229091337,-87.669107601501736
Paulina St & Howard St,476,42.01916766030304,-87.673576253030276
Paulina St & Montrose Ave,477,41.961507535754293,-87.671399014936554
Peoria St & Jackson Blvd,478,41.87763277091517,-87.649592705787569
Perry Ave & 69th St,479,41.769293837314528,-87.628199808159025
Phillips Ave & 79th St,480,41.751816639486265,-87.565208860215066
Phillips Ave & 83rd St,481,41.744527993144821,-87.565065829048848
Pine Grove Ave & Irving Park Rd,482,41.954377889626123,-87.648040004384953
Pine Grove Ave & Waveland Ave,483,41.949518843385242,-87.6463495710266
Prairie Ave & 43rd St,484,41.816673162476313,-87.619410652366284
Prairie Ave & Garfield Blvd,485,41.794870068143815,-87.61870291374025
Princeton Ave & 47th St,486,41.809314814351779,-87.633440890154318
Princeton Ave & Garfield Blvd,487,41.794985494949493,-87.633105806595367
Prospect Sq & 91st St,488,41.728120129367632,-87.667567069774918
Pulaski Rd & Congress Pkwy,489,41.874321552440286,-87.7257407886812
Pulaski Rd & Eddy St,490,41.94627445112701,-87.731023574989166
Pulaski Rd & Lake St,491,41.885404866666669,-87.726466520720734
Racine Ave & 13th St,492,41.865062376354359,-87.656978889738667
Racine Ave & 15th St,493,41.861272782775458,-87.656610753544854
Racine Ave & 18th St,494,41.858183897357819,-87.656488581026224
Racine Ave & 35th St,495,41.830698936880488,-87.655986434822466
Racine Ave & 61st St,496,41.783191925170065,-87.654373574829918
Racine Ave & 65th St,497,41.775395786904753,-87.654306590476182
Racine Ave & Belmont Ave,498,41.939716925166216,-87.658867236064609
Racine Ave & Congress Pkwy,499,41.874626057596785,-87.657019488175877
Racine Ave & Fullerton Ave,500,41.9255775656891,-87.6584085289964
Racine Ave & Garfield Blvd,501,41.794222610662352,-87.655081213516425
Racine Ave & Randolph St,502,41.88408343196685,-87.6568739891457
Racine Ave & Washington Blvd,503,41.883079929606424,-87.656966467634788
Racine Ave & Wrightwood Ave,504,41.9288867511822,-87.658972616257131
Rainbow Beach,505,41.757884385208207,-87.549404549001608
Ravenswood Ave & Berteau Ave,506,41.957915454832687,-87.673572828976248
Ravenswood Ave & Irving Park Rd,507,41.954682214615566,-87.673913323539608
Ravenswood Ave & Lawrence Ave,508,41.969090575953778,-87.674216262470054
Rhodes Ave & 32nd St,509,41.836284405841042,-87.61351298529101
Rhodes Ave & 71st St,510,41.766001867383508,-87.611722197132622
Richmond St & Diversey Ave,511,41.931890553311291,-87.701183590713924
Ridge Blvd & Howard St,512,42.019277243628444,-87.684513866029533
Ridge Blvd & Touhy Ave,513,42.012122869042749,-87.682908846527056
Ritchie Ct & Banks St,514,41.906865149927377,-87.6262309142488
Rockwell St & Eastwood Ave,515,41.965878787662277,-87.6936253512446
Rush St & Cedar St,516,41.902312640092084,-87.627715441451613
Rush St & Hubbard St,517,41.89018157310705,-87.62620214240593
Rush St & Superior St,518,41.895765735485213,-87.625953523120828
Sacramento Blvd & Franklin Blvd,519,41.890482660350109,-87.702611257959177
Sangamon St & Washington Blvd,520,41.883162094484177,-87.651088809598448
Sawyer Ave & Irving Park Rd,521,41.953584130227291,-87.709289497584109
Sedgwick St & Huron St,522,41.894675119971787,-87.638402533806627
Sedgwick St & North Ave,523,41.911385566551033,-87.638682728896569
Sedgwick St & Schiller St,524,41.907616635601187,-87.638557839752636
Sedgwick St & Webster Ave,525,41.922181328985516,-87.638903261742357
Seeley Ave & Garfield Blvd,526,41.794092492625374,-87.675484053834808
Seeley Ave & Roscoe St,527,41.943398779993586,-87.679611658151586
Shedd Aquarium,528,41.867214770442715,-87.615358357919845
Sheffield Ave & Fullerton Ave,529,41.925603038880709,-87.653704787549586
Sheffield Ave & Kingsbury St,530,41.910530869059066,-87.6531122924734
Sheffield Ave & Waveland Ave,531,41.949375897589292,-87.65451487146359
Sheffield Ave & Webster Ave,532,41.921551814979452,-87.653808989797241
Sheffield Ave & Wellington Ave,533,41.936276871865452,-87.652672203070779
Sheffield Ave & Willow St,534,41.91369710956571,-87.652860896727461
Sheffield Ave & Wrightwood Ave,535,41.928705960230296,-87.6538238038249
Sheridan Rd & Buena Ave,536,41.9584920864241,-87.654976455516334
Sheridan Rd & Columbia Ave,537,42.004573081966804,-87.6614173757344
Sheridan Rd & Greenleaf Ave,538,42.010585179222154,-87.662409078294
Sheridan Rd & Irving Park Rd,539,41.954228920470776,-87.654408112100967
Sheridan Rd & Lawrence Ave,540,41.969504684400071,-87.654691955623818
Sheridan Rd & Loyola Ave,541,42.001042270266588,-87.661211414434646
Sheridan Rd & Montrose Ave,542,41.961660175008916,-87.654630129840712
Sheridan Rd & Noyes St (Nu),543,42.058223781255542,-87.677424638241746
Shields Ave & 28th Pl,544,41.842730359761092,-87.635491157993812
Shields Ave & 31st St,545,41.838458775910361,-87.635388754222888
Shields Ave & 43rd St,546,41.816203763938248,-87.634801828653067
Shore Dr & 55th St,547,41.795234191804482,-87.580744040917068
Smith Park,548,41.892036396093559,-87.689349235549841
South Chicago Ave & 83rd St,549,41.743923037878787,-87.5752266796537
South Chicago Ave & Elliot Ave,550,41.747358065359478,-87.580043143790846
South Shore Dr & 67th St,551,41.773660404618745,-87.5675214404046
South Shore Dr & 71st St,552,41.76647075818093,-87.565728937897759
South Shore Dr & 74th St,553,41.7622513935413,-87.55929670987274
Southport Ave & Belmont Ave,554,41.93931058493289,-87.66380408157066
Southport Ave & Clark St,555,41.957087530326511,-87.66419920433809
Southport Ave & Clybourn Ave,556,41.92078027585724,-87.663711340182033
Southport Ave & Irving Park Rd,557,41.95417439583936,-87.664357288238136
Southport Ave & Roscoe St,558,41.943724860042842,-87.664008355681034
Southport Ave & Waveland Ave,559,41.94815544948537,-87.663935650836663
Southport Ave & Wellington Ave,560,41.935727206933436,-87.663583988827867
Southport Ave & Wrightwood Ave,561,41.92878001897045,-87.663900807085241
Spaulding Ave & Armitage Ave,562,41.917106824830249,-87.710212895750388
Spaulding Ave & Division St,563,41.902708597381064,-87.709212629446114
St. Clair St & Erie St,564,41.894421578032492,-87.622700546409931
St. Louis Ave & Balmoral Ave,565,41.980392530515779,-87.716110140316843
St. Louis Ave & Fullerton Ave,566,41.9248268340822,-87.714486963943841
State St & 123rd St,567,41.67066608815999,-87.622736036410586
State St & 19th St,568,41.85660462064768,-87.62754159429025
State St & 29th St,569,41.841706992522084,-87.626932387718085
State St & 33rd St,570,41.834734680919809,-87.62580423057986
State St & 35th St,571,41.831007111316545,-87.6272049283009
State St & 54th St,572,41.796626117672787,-87.625915232720928
State St & 76th St,573,41.757460342592587,-87.624620000000007
State St & 79th St,574,41.750795852642277,-87.624422708333327
State St & 95th St,575,41.72173362262626,-87.622844470101015
State St & Harrison St,576,41.874060606331469,-87.627706171230784
State St & Kinzie St,577,41.889192281844558,-87.6277909940922
State St & Pearson St,578,41.897442365847255,-87.628716119892729
State St & Pershing Rd,579,41.823033406785406,-87.626576813546762
State St & Randolph St,580,41.8847201303637,-87.627740408126158
State St & Van Buren St,581,41.877180901691126,-87.627836857880311
Stave St & Armitage Ave,582,41.91773124578107,-87.691394963351939
Stetson Ave & South Water St,583,41.886787906279139,-87.622314801501346
Stewart Ave & 63rd St,584,41.779834211538457,-87.6347771741453
Stewart Ave & 83rd St,585,41.743712807692305,-87.63408956125356
Stockton Dr & Wrightwood Ave,586,41.931312260664335,-87.6387335421479
Stony Island Ave & 64th St,587,41.778892603725488,-87.5866063852941
Stony Island Ave & 67th St,588,41.773533534467369,-87.585325458909821
Stony Island Ave & 71st St,589,41.766494409274117,-87.586472345522878
Stony Island Ave & 75th St,590,41.758676204767475,-87.586918097961259
Stony Island Ave & 82nd St,591,41.746583587227406,-87.585992000778816
Stony Island Ave & 90th St,592,41.73135340858547,-87.585793943436968
Stony Island Ave & South Chicago Ave,593,41.751170995495492,-87.5853425885886
Streeter Dr & Grand Ave,594,41.892281000927667,-87.612045195463054
Summit Ave & 86th St,595,41.737853802198579,-87.644905826385127
Talman Ave & Addison St,596,41.946624256088441,-87.694616383056328
Theater On The Lake,597,41.926278238379787,-87.630842397923288
Throop (Loomis) St & Taylor St,598,41.868967036536993,-87.659123927331322
Throop St & 52nd St,599,41.799660750980394,-87.6571707509804
Throop St & Taylor St,600,41.868930180750169,-87.659121733747213
Torrence Ave & 106th St,601,41.7028435321155,-87.559849159623511
Torrence Ave & 126th Pl,602,41.666303438532154,-87.5571850863266
Troy St & Elston Ave,603,41.94522452037409,-87.706643326779272
Troy St & North Ave,604,41.909784609795722,-87.705291802024249
Union Ave & Root St,605,41.819122347475684,-87.643281871502438
University Ave & 57th St,606,41.791502922876965,-87.5998806820688
University Library (Nu),607,42.0529266106991,-87.673421511123991
Valli Produce - Evanston Plaza,608,42.039723850451288,-87.699416896358542
Vernon Ave & 107th St,609,41.700205165933752,-87.612320743511788
Vernon Ave & 75th St,610,41.758372667109924,-87.6141313089539
Vernon Ave & 79th St,611,41.750938286838348,-87.613769804005727
Vincennes Ave & 104th St,612,41.704956149122808,-87.657066885964923
Vincennes Ave & 75th St,613,41.75797527864583,-87.631207223958342
W Armitage Ave & N Sheffield Ave,614,41.92,-87.65
W Oakdale Ave & N Broadway,615,41.94,-87.64
Wabash Ave & 16th St,616,41.860395860064067,-87.6258099344286
Wabash Ave & 83rd St,617,41.74331278088578,-87.622832242424252
Wabash Ave & 87th St,618,41.736631031872506,-87.6226268867862
Wabash Ave & 9th St,619,41.870768345025965,-87.625730001175512
Wabash Ave & Adams St,620,41.8794823159481,-87.6257080620198
Wabash Ave & Cermak Rd,621,41.852617129594606,-87.626485633340351
Wabash Ave & Grand Ave,622,41.891466805450207,-87.6267697807238
Wabash Ave & Roosevelt Rd,623,41.867218649915252,-87.625971572680186
Wabash Ave & Wacker Pl,624,41.886892531176294,-87.626036999290974
Wacker Dr & Washington St,625,41.883145763760538,-87.637312481387326
Walden Pkwy & 100th St,626,41.71222240468969,-87.667718583813226
Wallace St & 35th St,627,41.830630743307736,-87.641298285905464
Walsh Park,628,41.914605520473991,-87.667971518125981
Warren Park East,629,42.004553157314255,-87.680669014470951
Warren Park West,630,42.001768579834604,-87.688804208842242
Washtenaw Ave & Lawrence Ave,631,41.968948696418828,-87.69604777355633
Washtenaw Ave & Ogden Ave,632,41.861926959388683,-87.693453148818122
Watson Testing - Divvy,633,41.894744726971744,-87.73088458150049
Wells St & 19th St,634,41.856798997583923,-87.633873178660778
Wells St & Concord Ln,635,41.9121174724866,-87.634678994595362
Wells St & Elm St,636,41.903201331631564,-87.63434468493756
Wells St & Evergreen Ave,637,41.90671662304095,-87.6348526743553
Wells St & Hubbard St,638,41.889920111312875,-87.634280833398876
Wells St & Huron St,639,41.8947291924686,-87.634368240066621
Wells St & Polk St,640,41.87259981714984,-87.6335209454168
Wells St & Walton St,641,41.899935692402664,-87.634425075200866
Wentworth Ave & 104th St,642,41.705342222222221,-87.62898542857144
Wentworth Ave & 24th St,643,41.85008884808434,-87.632134324400141
Wentworth Ave & 33rd St,644,41.834524126126077,-87.631819151203175
Wentworth Ave & 35th St,645,41.830787184556691,-87.632505617600614
Wentworth Ave & 63rd St,646,41.780084663837407,-87.629735678048519
Wentworth Ave & Cermak Rd,647,41.853078817644665,-87.631739210724831
Western Ave & 104th St,648,41.70454766666667,-87.681168583333331
Western Ave & 111th St,649,41.6912407390262,-87.681309557932011
Western Ave & 21st St,650,41.854104478175948,-87.685823208026363
Western Ave & 24th St,651,41.848489971397846,-87.685091664408588
Western Ave & 28th St,652,41.841513767796464,-87.685122524134584
Western Ave & Congress Pkwy,653,41.874716790414091,-87.686379868813518
Western Ave & Division St,654,41.902896440779458,-87.6872939329688
Western Ave & Fillmore St,655,41.868602019141186,-87.6861816551053
Western Ave & Granville Ave,656,41.994173615899655,-87.689417932200868
Western Ave & Howard St,657,42.018899405214938,-87.6900303060841
Western Ave & Leland Ave,658,41.9664971995536,-87.688410458145938
Western Ave & Lunt Ave,659,42.008573025221438,-87.690472888358045
Western Ave & Monroe St,660,41.87979268626372,-87.686093736615149
Western Ave & Roscoe St,661,41.943026777069214,-87.687287365617109
Western Ave & Walton St,662,41.898414943967175,-87.68658818309359
Western Ave & Winnebago Ave,663,41.915520596748905,-87.6870168376022
Western Blvd & 48th Pl,664,41.80567776531597,-87.683375525808
Wilton Ave & Belmont Ave,665,41.940175854090121,-87.653027468528961
Wilton Ave & Diversey Pkwy,666,41.932413367941159,-87.652708853178112
Winchester (Ravenswood) Ave & Balmoral Ave,667,41.97977105221166,-87.67751668837262
Winchester Ave & Elston Ave,668,41.924085633070973,-87.676463163211608
Winthrop Ave & Lawrence Ave,669,41.9688144893988,-87.657660889866463
Wolcott (Ravenswood) Ave & Montrose Ave,670,41.961408607566931,-87.676181902968551
Wolcott Ave & Fargo Ave,671,42.016980497952495,-87.677720696764936
Wolcott Ave & Polk St,672,41.871275074640394,-87.6736874650597
Wood St & 35th St,673,41.830108088996475,-87.670302204051552
Wood St & Augusta Blvd,674,41.899187635321738,-87.672192008760391
Wood St & Chicago Ave,675,41.895627595564932,-87.672078180526228
Wood St & Hubbard St,676,41.88989839164168,-87.671485798977244
Wood St & Milwaukee Ave,677,41.907659126555188,-87.672556338833473
Wood St & Taylor St,678,41.869209117516284,-87.67202514383267
Woodlawn Ave & 55th St,679,41.795282968736132,-87.596485100897056
Woodlawn Ave & 75th St,680,41.759175932142853,-87.595763677380958
Woodlawn Ave & Lake Park Ave,681,41.814106789039904,-87.5970114284584
Yates Blvd & 75th St,682,41.758769400670325,-87.566435640463126