member_casual,day_of_year,trip_date,avg_ride_len_secs,avg_ride_len,num_rides,daily_rides,part_of_daily_rides,part_of_tot_rides
casual,1,2020-01-01,2945,00:49:05,471,2116,0.22258979206049148,0.00014142886998633154
member,1,2020-01-01,766,00:12:46,1645,2116,0.77741020793950855,0.00049395008731956559
member,2,2020-01-02,687,00:11:27,5768,6423,0.89802273081114747,0.001731978178516264
casual,2,2020-01-02,2213,00:36:53,655,6423,0.10197726918885257,0.00019667921409988781
casual,3,2020-01-03,1870,00:31:10,451,5852,0.077067669172932327,0.00013542339780007543
member,3,2020-01-03,658,00:10:58,5401,5852,0.92293233082706772,0.0016217777638984643
member,4,2020-01-04,621,00:10:21,2767,3152,0.87785532994923854,0.00083085707696853371
casual,4,2020-01-04,1915,00:31:55,385,3152,0.12214467005076142,0.00011560533958543024
casual,5,2020-01-05,2036,00:33:56,425,2990,0.14214046822742474,0.00012761628395794247
member,5,2020-01-05,644,00:10:44,2565,2990,0.85785953177257523,0.000770201807887347
member,6,2020-01-06,684,00:11:24,6719,7009,0.95862462548152372,0.0020175383809727422
casual,6,2020-01-06,1840,00:30:40,290,7009,0.041375374518476248,8.70793467007137e-05
member,7,2020-01-07,645,00:10:45,6854,7218,0.94957051814907178,0.0020580753182299709
casual,7,2020-01-07,1766,00:29:26,364,7218,0.050429481850928236,0.00010929959378986133
member,8,2020-01-08,596,00:09:56,5226,5399,0.96795702907945913,0.0015692298822687232
casual,8,2020-01-08,1826,00:30:26,173,5399,0.032042970920540842,5.1947334411115406e-05
member,9,2020-01-09,664,00:11:04,6439,6742,0.95505784633639867,0.0019334617703651567
casual,9,2020-01-09,1510,00:25:10,303,6742,0.044942153663601304,9.0982903621780162e-05
member,10,2020-01-10,633,00:10:33,5366,5648,0.95007082152974509,0.001611268187572516
casual,10,2020-01-10,2348,00:39:08,282,5648,0.049929178470254958,8.467715782621125e-05
member,11,2020-01-11,587,00:09:47,885,955,0.92670157068062831,0.00026574214424183318
casual,11,2020-01-11,3160,00:52:40,70,955,0.073298429319371722,2.101915265189641e-05
member,12,2020-01-12,627,00:10:27,1602,1741,0.92016082711085578,0.00048103832211911495
casual,12,2020-01-12,3743,01:02:23,139,1741,0.079839172889144175,4.1738031694480014e-05
member,13,2020-01-13,653,00:10:53,5889,6102,0.96509341199606691,0.0017683112852431135
casual,13,2020-01-13,2188,00:36:28,213,6102,0.034906588003933134,6.3958278783627639e-05
member,14,2020-01-14,666,00:11:06,6707,7009,0.95691254101869028,0.0020139350976609888
casual,14,2020-01-14,1834,00:30:34,302,7009,0.043087458981309744,9.0682630012467363e-05
member,15,2020-01-15,660,00:11:00,6596,6864,0.960955710955711,0.0019806047270272673
casual,15,2020-01-15,1573,00:26:13,268,6864,0.039044289044289048,8.0473327295831957e-05
member,16,2020-01-16,595,00:09:55,5225,5448,0.95906754772393543,0.0015689296086594104
casual,16,2020-01-16,1479,00:24:39,223,5448,0.04093245227606461,6.69610148767557e-05
member,17,2020-01-17,594,00:09:54,3660,3826,0.95661265028750653,0.0010990014100848693
casual,17,2020-01-17,2563,00:42:43,166,3826,0.043387349712493466,4.9845419145925766e-05
member,18,2020-01-18,609,00:10:09,989,1061,0.93213949104618288,0.00029697059961036497
casual,18,2020-01-18,3569,00:59:29,72,1061,0.06786050895381715,2.1619699870522021e-05
member,19,2020-01-19,602,00:10:02,822,878,0.9362186788154897,0.0002468249068551264
casual,19,2020-01-19,5094,01:24:54,56,878,0.063781321184510256,1.6815322121517127e-05
member,20,2020-01-20,620,00:10:20,2776,2898,0.95790200138026227,0.000833559539452349
casual,20,2020-01-20,2813,00:46:53,122,2898,0.042097998619737752,3.6633380336162311e-05
casual,21,2020-01-21,2194,00:36:34,125,5134,0.024347487339306584,3.7534201164100728e-05
member,21,2020-01-21,670,00:11:10,5009,5134,0.97565251266069342,0.0015040705090478444
member,22,2020-01-22,658,00:10:58,5300,5450,0.97247706422018354,0.0015914501293578709
casual,22,2020-01-22,2715,00:45:15,150,5450,0.027522935779816515,4.5041041396920876e-05
member,23,2020-01-23,644,00:10:44,3479,3587,0.96989127404516307,0.0010446518867992514
casual,23,2020-01-23,2966,00:49:26,108,3587,0.03010872595483691,3.2429549805783031e-05
member,24,2020-01-24,704,00:11:44,3477,3622,0.95996686913307561,0.0010440513395806258
casual,24,2020-01-24,2581,00:43:01,145,3622,0.040033130866924352,4.3539673350356848e-05
casual,25,2020-01-25,4746,01:19:06,185,1709,0.10825043885313049,5.5550617722869081e-05
member,25,2020-01-25,592,00:09:52,1524,1709,0.89174956114686954,0.00045761698059271607
member,26,2020-01-26,710,00:11:50,2235,2522,0.8862014274385408,0.00067111151681412107
casual,26,2020-01-26,2232,00:37:12,287,2522,0.11379857256145916,8.6178525872775271e-05
member,27,2020-01-27,646,00:10:46,6028,6257,0.96340099089020292,0.0018100493169375936
casual,27,2020-01-27,2262,00:37:42,229,6257,0.036599009109797027,6.876265653263253e-05
member,28,2020-01-28,640,00:10:40,6361,6638,0.95827056342271766,0.0019100404288387579
casual,28,2020-01-28,2867,00:47:47,277,6638,0.041729436577282314,8.3175789779647215e-05
member,29,2020-01-29,644,00:10:44,6186,6388,0.96837820914214157,0.0018574925472090169
casual,29,2020-01-29,2591,00:43:11,202,6388,0.031621790857858482,6.0655269081186777e-05
casual,30,2020-01-30,2055,00:34:15,259,6528,0.039675245098039214,7.7770864812016713e-05
member,30,2020-01-30,663,00:11:03,6269,6528,0.96032475490196079,0.0018824152567819797
member,31,2020-01-31,702,00:11:42,5096,5377,0.9477403756741678,0.0015301943130580586
casual,31,2020-01-31,1686,00:28:06,281,5377,0.052259624325832248,8.4376884216898437e-05
member,32,2020-02-01,670,00:11:10,2787,3173,0.8783485660258431,0.00083686254915478985
casual,32,2020-02-01,2094,00:34:54,386,3173,0.12165143397415695,0.00011590561319474305
member,33,2020-02-02,818,00:13:38,4078,5355,0.761531279178338,0.0012245157787776223
casual,33,2020-02-02,2206,00:36:46,1277,5355,0.238468720821662,0.00038344939909245305
member,34,2020-02-03,667,00:11:07,6878,7226,0.95184057569886515,0.0020652818848534787
casual,34,2020-02-03,2021,00:33:41,348,7226,0.04815942430113479,0.00010449521604085642
member,35,2020-02-04,633,00:10:33,5913,6123,0.965703086722195,0.0017755178518666208
casual,35,2020-02-04,1648,00:27:28,210,6123,0.034296913277805,6.3057457955689229e-05
member,36,2020-02-05,620,00:10:20,5162,5346,0.96558174335952118,0.0015500123712727037
casual,36,2020-02-05,2323,00:38:43,184,5346,0.034418256640478866,5.5250344113556275e-05
member,37,2020-02-06,647,00:10:47,3124,3215,0.97169517884914458,0.00093805475549320544
casual,37,2020-02-06,2985,00:49:45,91,3215,0.028304821150855364,2.7324898447465332e-05
member,38,2020-02-07,667,00:11:07,4912,5213,0.94225973527719165,0.0014749439689445022
casual,38,2020-02-07,2753,00:45:53,301,5213,0.057740264722808361,9.0382356403154551e-05
member,39,2020-02-08,666,00:11:06,2781,3206,0.86743605739238927,0.000835060907498913
casual,39,2020-02-08,2022,00:33:42,425,3206,0.13256394260761073,0.00012761628395794247
member,40,2020-02-09,637,00:10:37,1655,1805,0.91689750692520777,0.00049695282341269366
casual,40,2020-02-09,2802,00:46:42,150,1805,0.083102493074792241,4.5041041396920876e-05
member,41,2020-02-10,645,00:10:45,6070,6280,0.96656050955414008,0.0018226608085287314
casual,41,2020-02-10,1812,00:30:12,210,6280,0.033439490445859872,6.3057457955689229e-05
member,42,2020-02-11,643,00:10:43,6219,6437,0.96613329190616748,0.0018674015763163394
casual,42,2020-02-11,1936,00:32:16,218,6437,0.033866708093832527,6.5459646830191674e-05
member,43,2020-02-12,639,00:10:39,4709,4881,0.96476131940176191,0.0014139884262540027
casual,43,2020-02-12,3454,00:57:34,172,4881,0.035238680598238065,5.16470608018026e-05
casual,44,2020-02-13,3411,00:56:51,70,2928,0.023907103825136611,2.101915265189641e-05
member,44,2020-02-13,708,00:11:48,2858,2928,0.97609289617486339,0.000858181975415999
member,45,2020-02-14,610,00:10:10,2734,2873,0.951618517229377,0.00082094804786121114
casual,45,2020-02-14,2567,00:42:47,139,2873,0.048381482770623041,4.1738031694480014e-05
member,46,2020-02-15,633,00:10:33,1613,1812,0.89017660044150115,0.0004843413318215558
casual,46,2020-02-15,2473,00:41:13,199,1812,0.1098233995584989,5.975444825324836e-05
member,47,2020-02-16,712,00:11:52,2417,2894,0.83517622667588109,0.00072576131370905169
casual,47,2020-02-16,2386,00:39:46,477,2894,0.16482377332411888,0.00014323051164220839
member,48,2020-02-17,649,00:10:49,3377,3572,0.94540873460246355,0.0010140239786493453
casual,48,2020-02-17,2501,00:41:41,195,3572,0.054591265397536393,5.8553353815997137e-05
member,49,2020-02-18,647,00:10:47,6235,6564,0.94987812309567332,0.0018722059540653444
casual,49,2020-02-18,1862,00:31:02,329,6564,0.05012187690432663,9.8790017463913122e-05
member,50,2020-02-19,611,00:10:11,5423,5666,0.9571126014825273,0.001628383783303346
casual,50,2020-02-19,2279,00:37:59,243,5666,0.042887398517472641,7.2966487063011822e-05
casual,51,2020-02-20,3013,00:50:13,160,4840,0.033057851239669422,4.8043777490048932e-05
member,51,2020-02-20,589,00:09:49,4680,4840,0.96694214876033058,0.0014052804915839312
member,52,2020-02-21,633,00:10:33,5099,5458,0.93422499083913524,0.001531095133885997
casual,52,2020-02-21,2295,00:38:15,359,5458,0.065775009160864789,0.00010779822574329729
member,53,2020-02-22,802,00:13:22,3883,5393,0.72000741702206561,0.0011659624249616251
casual,53,2020-02-22,2421,00:40:21,1510,5393,0.27999258297793433,0.0004534131500623368
member,54,2020-02-23,936,00:15:36,4874,7669,0.635545703481549,0.0014635335717906157
casual,54,2020-02-23,2422,00:40:22,2795,7669,0.3644542965184509,0.00083926473802929224
member,55,2020-02-24,630,00:10:30,6378,6685,0.95407629020194462,0.0019151450801970756
casual,55,2020-02-24,1749,00:29:09,307,6685,0.045923709798055351,9.2183998059031384e-05
member,56,2020-02-25,638,00:10:38,4769,4937,0.96597123759368042,0.0014320048428127709
casual,56,2020-02-25,1861,00:31:01,168,4937,0.034028762406319628,5.0445966364551378e-05
member,57,2020-02-26,598,00:09:58,3717,3819,0.97329143754909664,0.0011161170058156993
casual,57,2020-02-26,2738,00:45:38,102,3819,0.026708562450903379,3.06279081499062e-05
member,58,2020-02-27,637,00:10:37,5299,5500,0.96345454545454545,0.001591149855748558
casual,58,2020-02-27,2407,00:40:07,201,5500,0.036545454545454548,6.0354995471873971e-05
member,59,2020-02-28,653,00:10:53,4836,5112,0.9460093896713615,0.0014521231746367289
casual,59,2020-02-28,3442,00:57:22,276,5112,0.0539906103286385,8.28755161703344e-05
member,60,2020-02-29,735,00:12:15,2903,3607,0.804823953423898,0.00087169428783507533
casual,60,2020-02-29,2558,00:42:38,704,3607,0.19517604657610202,0.00021139262095621529
member,61,2020-03-01,896,00:14:56,4616,7332,0.629569012547736,0.0013860629805879116
casual,61,2020-03-01,2503,00:41:43,2716,7332,0.37043098745226405,0.00081554312289358068
member,62,2020-03-02,669,00:11:09,7173,7847,0.91410730215368929,0.0021538625996007561
casual,62,2020-03-02,1976,00:32:56,674,7847,0.085892697846310692,0.00020238441267683114
casual,63,2020-03-03,1866,00:31:06,549,7968,0.068900602409638551,0.00016485021151273039
member,63,2020-03-03,709,00:11:49,7419,7968,0.93109939759036142,0.0022277299074917063
member,64,2020-03-04,687,00:11:27,7518,8098,0.92837737713015556,0.0022574569948136743
casual,64,2020-03-04,1932,00:32:12,580,8098,0.0716226228698444,0.00017415869340142739
member,65,2020-03-05,702,00:11:42,7376,8031,0.91844104096625578,0.0022148181422912559
casual,65,2020-03-05,2115,00:35:15,655,8031,0.081558959033744244,0.00019667921409988781
member,66,2020-03-06,638,00:10:38,5576,5979,0.93259742431844794,0.0016743256455282053
casual,66,2020-03-06,1894,00:31:34,403,5979,0.0674025756815521,0.00012101026455306075
member,67,2020-03-07,832,00:13:52,4445,6633,0.67013417759686411,0.001334716193395422
casual,67,2020-03-07,2337,00:38:57,2188,6633,0.32986582240313583,0.00065699865717641919
member,68,2020-03-08,953,00:15:53,6066,11033,0.54980513006435239,0.00182145971409148
casual,68,2020-03-08,2721,00:45:21,4967,11033,0.45019486993564761,0.0014914590174567065
member,69,2020-03-09,618,00:10:18,3906,4144,0.94256756756756754,0.0011728687179758195
casual,69,2020-03-09,2496,00:41:36,238,4144,0.057432432432432436,7.1465119016447787e-05
member,70,2020-03-10,690,00:11:30,6848,7432,0.92142088266953714,0.0020562736765740944
casual,70,2020-03-10,1973,00:32:53,584,7432,0.078579117330462869,0.00017535978783867861
member,71,2020-03-11,671,00:11:11,7002,7571,0.92484480253599255,0.0021025158124082662
casual,71,2020-03-11,2040,00:34:00,569,7571,0.0751551974640074,0.00017085568369898651
member,72,2020-03-12,742,00:12:22,7053,8032,0.87811254980079678,0.0021178297664832197
casual,72,2020-03-12,2324,00:38:44,979,8032,0.12188745019920319,0.0002939678635172369
casual,73,2020-03-13,2385,00:39:45,1238,6886,0.17978507115887307,0.00037173872832925361
member,73,2020-03-13,751,00:12:31,5648,6886,0.8202149288411269,0.0016959453453987273
member,74,2020-03-14,683,00:11:23,2347,2952,0.79505420054200537,0.00070474216105715531
casual,74,2020-03-14,2013,00:33:33,605,2952,0.20494579945799457,0.00018166553363424754
member,75,2020-03-15,829,00:13:49,2384,3282,0.72638634978671546,0.00071585228460172912
casual,75,2020-03-15,2811,00:46:51,898,3282,0.2736136502132846,0.00026964570116289966
member,76,2020-03-16,763,00:12:43,2961,3198,0.925891181988743,0.00088911015717521808
casual,76,2020-03-16,2177,00:36:17,237,3198,0.07410881801125703,7.1164845407134975e-05
member,77,2020-03-17,923,00:15:23,3484,4186,0.83229813664596275,0.0010461532548458154
casual,77,2020-03-17,2623,00:43:43,702,4186,0.16770186335403728,0.00021079207373758969
member,78,2020-03-18,797,00:13:17,1633,1838,0.88846572361262244,0.00049034680400781194
casual,78,2020-03-18,2206,00:36:46,205,1838,0.11153427638737759,6.15560899091252e-05
member,79,2020-03-19,918,00:15:18,1645,1859,0.884884346422808,0.00049395008731956559
casual,79,2020-03-19,2045,00:34:05,214,1859,0.11511565357719204,6.4258552392940451e-05
casual,80,2020-03-20,2701,00:45:01,374,2202,0.16984559491371481,0.00011230232988298938
member,80,2020-03-20,814,00:13:34,1828,2202,0.83015440508628524,0.0005489001578238091
member,81,2020-03-21,979,00:16:19,1659,2095,0.79188544152744633,0.00049815391784994491
casual,81,2020-03-21,3022,00:50:22,436,2095,0.2081145584725537,0.00013091929366038335
member,82,2020-03-22,1009,00:16:49,1006,1298,0.7750385208012327,0.00030207525096868264
casual,82,2020-03-22,2313,00:38:33,292,1298,0.22496147919876733,8.76798939193393e-05
member,83,2020-03-23,1033,00:17:13,1596,1905,0.83779527559055122,0.00047923668046323813
casual,83,2020-03-23,2563,00:42:43,309,1905,0.16220472440944883,9.2784545277657e-05
member,84,2020-03-24,988,00:16:28,1895,2400,0.7895833333333333,0.000569018489647767
casual,84,2020-03-24,2248,00:37:28,505,2400,0.21041666666666667,0.00015163817270296695
member,85,2020-03-25,1199,00:19:59,3269,5091,0.6421135336868985,0.00098159442884356235
casual,85,2020-03-25,3334,00:55:34,1822,5091,0.35788646631310156,0.00054709851616793217
casual,86,2020-03-26,1670,00:27:50,257,1642,0.15651644336175397,7.71703175933911e-05
member,86,2020-03-26,865,00:14:25,1385,1642,0.843483556638246,0.00041587894889823609
member,87,2020-03-27,851,00:14:11,1298,1474,0.88059701492537312,0.000389755144888022
casual,87,2020-03-27,2667,00:44:27,176,1474,0.11940298507462686,5.2848155239053823e-05
member,88,2020-03-28,1072,00:17:52,1163,1426,0.81556802244039273,0.00034921820763079319
casual,88,2020-03-28,2022,00:33:42,263,1426,0.1844319775596073,7.8971959249267935e-05
member,89,2020-03-29,900,00:15:00,1155,1430,0.80769230769230771,0.00034681601875629075
casual,89,2020-03-29,2264,00:37:44,275,1430,0.19230769230769232,8.25752425610216e-05
member,90,2020-03-30,895,00:14:55,1605,1904,0.84296218487394958,0.00048193914294705336
casual,90,2020-03-30,2317,00:38:37,299,1904,0.15703781512605042,8.9781809184528939e-05
member,91,2020-03-31,895,00:14:55,1392,1601,0.86945658963148031,0.00041798086416342569
casual,91,2020-03-31,2337,00:38:57,209,1601,0.13054341036851969,6.2757184346376416e-05
casual,92,2020-04-01,1836,00:30:36,394,2257,0.1745680106335844,0.0001183078020692455
member,92,2020-04-01,1008,00:16:48,1863,2257,0.8254319893664156,0.00055940973414975723
member,93,2020-04-02,1008,00:16:48,2020,2561,0.78875439281530657,0.00060655269081186778
casual,93,2020-04-02,2226,00:37:06,541,2561,0.21124560718469348,0.00016244802263822795
casual,94,2020-04-03,2456,00:40:56,945,3479,0.2716297786720322,0.00028375856080060149
member,94,2020-04-03,1180,00:19:40,2534,3479,0.7283702213279678,0.00076089332599865
casual,95,2020-04-04,2025,00:33:45,525,2246,0.23374888691006232,0.00015764364488922306
member,95,2020-04-04,1062,00:17:42,1721,2246,0.76625111308993765,0.00051677088162733879
member,96,2020-04-05,1174,00:19:34,1948,2845,0.68471001757469241,0.00058493299094134572
casual,96,2020-04-05,2290,00:38:10,897,2845,0.31528998242530754,0.00026934542755358682
member,97,2020-04-06,1032,00:17:12,1910,2395,0.79749478079331937,0.00057352259378745912
casual,97,2020-04-06,2054,00:34:14,485,2395,0.20250521920668058,0.00014563270051671083
member,98,2020-04-07,1193,00:19:53,3326,5127,0.64872244977569726,0.000998710024574392
casual,98,2020-04-07,2668,00:44:28,1801,5127,0.35127755022430274,0.00054079277037236335
casual,99,2020-04-08,2254,00:37:34,589,2336,0.2521404109589041,0.00017686115588524262
member,99,2020-04-08,1040,00:17:20,1747,2336,0.74785958904109584,0.00052457799546947175
member,100,2020-04-09,919,00:15:19,1545,1945,0.794344473007712,0.000463922726388285
casual,100,2020-04-09,1734,00:28:54,400,1945,0.20565552699228792,0.00012010944372512233
member,101,2020-04-10,1057,00:17:37,2022,2683,0.75363399180022361,0.00060715323803049335
casual,101,2020-04-10,2120,00:35:20,661,2683,0.24636600819977636,0.00019848085575576466
member,102,2020-04-11,1234,00:20:34,2908,4386,0.66301869585043316,0.00087319565588163937
casual,102,2020-04-11,2854,00:47:34,1478,4386,0.33698130414956678,0.000443804394564327
member,103,2020-04-12,1224,00:20:24,2308,3605,0.64022191400832174,0.00069303149029395581
casual,103,2020-04-12,2531,00:42:11,1297,3605,0.35977808599167821,0.00038945487127870913
casual,104,2020-04-13,1776,00:29:36,334,1806,0.1849390919158361,0.00010029138551047714
member,104,2020-04-13,954,00:15:54,1472,1806,0.81506090808416387,0.0004420027529084502
member,105,2020-04-14,914,00:15:14,1331,1582,0.84134007585335024,0.00039966417399534454
casual,105,2020-04-14,1686,00:28:06,251,1582,0.15865992414664981,7.5368675937514268e-05
member,106,2020-04-15,951,00:15:51,1149,1396,0.82306590257879653,0.00034501437710041387
casual,106,2020-04-15,1713,00:28:33,247,1396,0.17693409742120345,7.4167581500263045e-05
member,107,2020-04-16,956,00:15:56,1830,2243,0.81587160053499774,0.00054950070504243467
casual,107,2020-04-16,1651,00:27:31,413,2243,0.18412839946500223,0.0001240130006461888
member,108,2020-04-17,882,00:14:42,1111,1414,0.7857142857142857,0.00033360397994652727
casual,108,2020-04-17,1866,00:31:06,303,1414,0.21428571428571427,9.0982903621780162e-05
member,109,2020-04-18,1297,00:21:37,3239,5055,0.640751730959446,0.000972586220564178
casual,109,2020-04-18,2536,00:42:16,1816,5055,0.3592482690405539,0.00054529687451205535
member,110,2020-04-19,1253,00:20:53,3167,5080,0.62342519685039366,0.00095096652069365608
casual,110,2020-04-19,2614,00:43:34,1913,5080,0.37657480314960629,0.00057442341461539758
member,111,2020-04-20,1107,00:18:27,2645,3852,0.686656282450675,0.00079422369663237141
casual,111,2020-04-20,2327,00:38:47,1207,3852,0.31334371754932505,0.00036243024644055661
member,112,2020-04-21,985,00:16:25,1961,2585,0.75860735009671176,0.00058883654786241225
casual,112,2020-04-21,2127,00:35:27,624,2585,0.24139264990328821,0.00018737073221119084
casual,113,2020-04-22,2123,00:35:23,404,1967,0.20538891713268936,0.00012131053816237355
member,113,2020-04-22,907,00:15:07,1563,1967,0.79461108286731064,0.00046932765135591551
casual,114,2020-04-23,1980,00:33:00,447,2265,0.19735099337748344,0.0001342223033628242
member,114,2020-04-23,899,00:14:59,1818,2265,0.80264900662251659,0.000545897421730681
casual,115,2020-04-24,2102,00:35:02,553,2234,0.247538048343778,0.00016605130594998162
member,115,2020-04-24,967,00:16:07,1681,2234,0.752461951656222,0.00050475993725482662
member,116,2020-04-25,896,00:14:56,831,1030,0.80679611650485439,0.00024952736933894163
casual,116,2020-04-25,1911,00:31:51,199,1030,0.19320388349514564,5.975444825324836e-05
member,117,2020-04-26,1363,00:22:43,3826,6119,0.62526556626899821,0.0011488468292307952
casual,117,2020-04-26,2716,00:45:16,2293,6119,0.37473443373100179,0.00068852738615426381
casual,118,2020-04-27,1943,00:32:23,629,2554,0.24628034455755676,0.00018887210025775487
member,118,2020-04-27,1073,00:17:53,1925,2554,0.75371965544244324,0.00057802669792715122
casual,119,2020-04-28,2570,00:42:50,951,3339,0.28481581311769993,0.00028556020245647836
member,119,2020-04-28,1117,00:18:37,2388,3339,0.71518418688230012,0.00071705337903898037
casual,120,2020-04-29,3011,00:50:11,132,631,0.2091917591125198,3.9636116429290367e-05
member,120,2020-04-29,791,00:13:11,499,631,0.79080824088748014,0.0001498365310470901
casual,121,2020-04-30,2071,00:34:31,602,2529,0.23803875049426651,0.0001807647128063091
member,121,2020-04-30,996,00:16:36,1927,2529,0.76196124950573352,0.00057862724514577679
member,122,2020-05-01,1135,00:18:55,3261,4687,0.69575421378280355,0.00097919223996905985
casual,122,2020-05-01,2681,00:44:41,1426,4687,0.3042457862171965,0.0004281901668800611
member,123,2020-05-02,1385,00:23:05,6051,11664,0.518775720164609,0.0018169556099517882
casual,123,2020-05-02,3132,00:52:12,5613,11664,0.48122427983539096,0.0016854357690727791
member,124,2020-05-03,1297,00:21:37,5079,9297,0.54630525976121325,0.0015250896616997409
casual,124,2020-05-03,2985,00:49:45,4218,9297,0.4536947402387867,0.001266554084081415
member,125,2020-05-04,895,00:14:55,1910,2585,0.73887814313346223,0.00057352259378745912
casual,125,2020-05-04,1755,00:29:15,675,2585,0.26112185686653772,0.00020268468628614392
casual,126,2020-05-05,1459,00:24:19,454,1929,0.23535510627268014,0.00013632421862801384
member,126,2020-05-05,935,00:15:35,1475,1929,0.76464489372731981,0.00044290357373638861
casual,127,2020-05-06,2175,00:36:15,1533,4684,0.32728437233134072,0.00046031944307653135
member,127,2020-05-06,1072,00:17:52,3151,4684,0.67271562766865922,0.00094616214294465119
member,128,2020-05-07,1092,00:18:12,3213,4938,0.6506682867557716,0.00096477910672204507
casual,128,2020-05-07,2413,00:40:13,1725,4938,0.34933171324422846,0.00051797197606459
casual,129,2020-05-08,1832,00:30:32,738,2760,0.2673913043478261,0.0002216019236728507
member,129,2020-05-08,943,00:15:43,2022,2760,0.7326086956521739,0.00060715323803049335
member,130,2020-05-09,1231,00:20:31,4352,7821,0.55645058176703743,0.0013067907477293309
casual,130,2020-05-09,2582,00:43:02,3469,7821,0.44354941823296251,0.0010416491507061233
casual,131,2020-05-10,1904,00:31:44,424,1380,0.30724637681159422,0.00012731601034862968
member,131,2020-05-10,888,00:14:48,956,1380,0.69275362318840583,0.0002870615705030424
casual,132,2020-05-11,2015,00:33:35,830,2833,0.29297564419343453,0.00024922709572962885
member,132,2020-05-11,953,00:15:53,2003,2833,0.70702435580656553,0.00060144803945355011
casual,133,2020-05-12,2102,00:35:02,1514,4679,0.32357341312246207,0.00045461424449958805
member,133,2020-05-12,1030,00:17:10,3165,4679,0.676426586877538,0.0009503659734750304
casual,134,2020-05-13,2639,00:43:59,2085,5688,0.36656118143459915,0.00062607047541720013
member,134,2020-05-13,1119,00:18:39,3603,5688,0.63343881856540085,0.0010818858143540394
casual,135,2020-05-14,2748,00:45:48,1033,2982,0.34641180415828304,0.00031018263842012844
member,135,2020-05-14,1126,00:18:46,1949,2982,0.653588195841717,0.00058523326455065861
casual,136,2020-05-15,2583,00:43:03,2847,6929,0.41088180112570355,0.00085487896571355816
member,136,2020-05-15,1176,00:19:36,4082,6929,0.58911819887429639,0.0012257168732148734
member,137,2020-05-16,1257,00:20:57,4970,8848,0.56170886075949367,0.001492359838284645
casual,137,2020-05-16,2705,00:45:05,3878,8848,0.43829113924050633,0.0011644610569150611
casual,138,2020-05-17,2149,00:35:49,235,681,0.34508076358296624,7.0564298188509364e-05
member,138,2020-05-17,818,00:13:38,446,681,0.65491923641703376,0.00013392202975351139
casual,139,2020-05-18,2079,00:34:39,1192,3827,0.31147112620851841,0.00035792614230086456
member,139,2020-05-18,998,00:16:38,2635,3827,0.68852887379148153,0.00079122096053924334
member,140,2020-05-19,985,00:16:25,2063,2808,0.7346866096866097,0.00061946445601231842
casual,140,2020-05-19,2220,00:37:00,745,2808,0.2653133903133903,0.00022370383893804033
casual,141,2020-05-20,2417,00:40:17,2144,6185,0.346645109135004,0.00064378661836665566
member,141,2020-05-20,1114,00:18:34,4041,6185,0.653354890864996,0.0012134056552330485
casual,142,2020-05-21,2332,00:38:52,1922,5513,0.34863050970433523,0.00057712587709921276
member,142,2020-05-21,1081,00:18:01,3591,5513,0.65136949029566482,0.0010782825310422857
member,143,2020-05-22,1129,00:18:49,4503,7482,0.60184442662389737,0.0013521320627355646
casual,143,2020-05-22,2585,00:43:05,2979,7482,0.39815557337610263,0.00089451508214284854
member,144,2020-05-23,1247,00:20:47,4613,8619,0.53521290172873881,0.0013851621597599734
casual,144,2020-05-23,2718,00:45:18,4006,8619,0.46478709827126119,0.0012028960789071002
member,145,2020-05-24,1366,00:22:46,6593,14626,0.45077259674552167,0.0019797039061993289
casual,145,2020-05-24,3101,00:51:41,8033,14626,0.54922740325447827,0.0024120979036097692
casual,146,2020-05-25,3030,00:50:30,7701,14039,0.54854334354298739,0.0023124070653179176
member,146,2020-05-25,1310,00:21:50,6338,14039,0.45145665645701261,0.0019031341358245633
casual,147,2020-05-26,2970,00:49:30,3407,7606,0.44793584012621612,0.0010230321869287295
member,147,2020-05-26,1116,00:18:36,4199,7606,0.55206415987378388,0.0012608488855044716
casual,148,2020-05-27,2573,00:42:53,3324,8000,0.4155,0.00099810947735576652
member,148,2020-05-27,1136,00:18:56,4676,8000,0.5845,0.00140407939714668
member,149,2020-05-28,1068,00:17:48,4050,6673,0.60692342274838906,0.0012161081177168636
casual,149,2020-05-28,2240,00:37:20,2623,6673,0.393076577251611,0.0007876176772274897
casual,150,2020-05-29,2713,00:45:13,4637,10411,0.44539429449620593,0.0013923687263834807
member,150,2020-05-29,1187,00:19:47,5774,10411,0.55460570550379407,0.0017337798201721409
casual,151,2020-05-30,2521,00:42:01,10334,16970,0.60895698291101941,0.0031030274786385354
member,151,2020-05-30,1295,00:21:35,6636,16970,0.39104301708898054,0.0019926156713997796
casual,152,2020-05-31,1666,00:27:46,170,185,0.918918918918919,5.1046513583176989e-05
member,152,2020-05-31,1034,00:17:14,15,185,0.081081081081081086,4.5041041396920874e-06
member,155,2020-06-03,1106,00:18:26,3731,6114,0.6102387962054302,0.0011203208363460785
casual,155,2020-06-03,2226,00:37:06,2383,6114,0.38976120379456985,0.00071555201099241634
member,156,2020-06-04,1164,00:19:24,4575,7512,0.60902555910543132,0.0013737517626060867
casual,156,2020-06-04,2231,00:37:11,2937,7512,0.39097444089456868,0.00088190359055171069
member,157,2020-06-05,1173,00:19:33,5161,8776,0.588081130355515,0.0015497120976633908
casual,157,2020-06-05,2347,00:39:07,3615,8776,0.411918869644485,0.001085489097665793
member,158,2020-06-06,1349,00:22:29,7136,14964,0.47687784014969259,0.0021427524760561823
casual,158,2020-06-06,2499,00:41:39,7828,14964,0.52312215985030741,0.002350541813700644
member,159,2020-06-07,1276,00:21:16,6587,13003,0.50657540567561332,0.0019779022645434519
casual,159,2020-06-07,2640,00:44:00,6416,13003,0.49342459432438668,0.0019265554773509623
casual,160,2020-06-08,2512,00:41:52,4248,10208,0.41614420062695923,0.0012755622923607992
member,160,2020-06-08,1079,00:17:59,5960,10208,0.58385579937304077,0.0017896307115043226
casual,161,2020-06-09,2299,00:38:19,1882,5539,0.33977252211590542,0.00056511493272670059
member,161,2020-06-09,949,00:15:49,3657,5539,0.66022747788409464,0.0010981005892569309
member,162,2020-06-10,982,00:16:22,4745,7531,0.63006240871066255,0.0014247982761892636
casual,162,2020-06-10,2227,00:37:07,2786,7531,0.3699375912893374,0.00083656227554547706
member,163,2020-06-11,1113,00:18:33,7007,12095,0.579330301777594,0.0021040171804548305
casual,163,2020-06-11,2487,00:41:27,5088,12095,0.42066969822240596,0.0015277921241835561
casual,164,2020-06-12,2274,00:37:54,4984,11803,0.42226552571380155,0.0014965636688150242
member,164,2020-06-12,1040,00:17:20,6819,11803,0.5777344742861984,0.0020475657419040229
member,165,2020-06-13,1116,00:18:36,7124,14047,0.50715455257350328,0.0021391491927444288
casual,165,2020-06-13,2471,00:41:11,6923,14047,0.49284544742649677,0.0020787941972725548
member,166,2020-06-14,1191,00:19:51,7003,14392,0.48658977209560866,0.0021028160860175793
casual,166,2020-06-14,2682,00:44:42,7389,14392,0.51341022790439128,0.0022187216992123225
casual,167,2020-06-15,2569,00:42:49,3908,10041,0.38920426252365303,0.0011734692651944451
member,167,2020-06-15,1045,00:17:25,6133,10041,0.610795737476347,0.0018415780459154381
member,168,2020-06-16,1069,00:17:49,7020,11923,0.58877799211607817,0.002107920737375897
casual,168,2020-06-16,2536,00:42:16,4903,11923,0.41122200788392183,0.001472241506460687
casual,169,2020-06-17,2547,00:42:27,5385,12668,0.42508683296495103,0.0016169733861494595
member,169,2020-06-17,1071,00:17:51,7283,12668,0.57491316703504891,0.0021868926966251648
member,170,2020-06-18,1047,00:17:27,7539,13153,0.57317722192655662,0.0022637627406092431
casual,170,2020-06-18,2497,00:41:37,5614,13153,0.42682277807344332,0.001685736042682092
member,171,2020-06-19,1097,00:18:17,8330,16054,0.51887380092188862,0.0025012791655756724
casual,171,2020-06-19,2421,00:40:21,7724,16054,0.48112619907811138,0.0023193133583321122
member,172,2020-06-20,1108,00:18:28,7203,14419,0.49954920590887025,0.0021628708078801403
casual,172,2020-06-20,2540,00:42:20,7216,14419,0.5004507940911298,0.0021667743648012068
member,173,2020-06-21,1190,00:19:50,7016,14615,0.48005473828258638,0.0021067196429386459
casual,173,2020-06-21,2712,00:45:12,7599,14615,0.51994526171741362,0.0022817791571680115
casual,174,2020-06-22,2504,00:41:44,2478,6925,0.35783393501805055,0.00074407800387713289
member,174,2020-06-22,970,00:16:10,4447,6925,0.6421660649819495,0.0013353167406140475
casual,175,2020-06-23,2594,00:43:14,5516,13494,0.40877427004594635,0.0016563092289694368
member,175,2020-06-23,1090,00:18:10,7978,13494,0.59122572995405365,0.0023955828550975651
member,176,2020-06-24,1064,00:17:44,7520,12695,0.59235919653406854,0.0022580575420322996
casual,176,2020-06-24,2513,00:41:53,5175,12695,0.40764080346593146,0.0015539159281937702
member,177,2020-06-25,1092,00:18:12,8759,15796,0.55450747024563185,0.0026300965439708664
casual,177,2020-06-25,2596,00:43:16,7037,15796,0.44549252975436821,0.0021130253887342147
casual,178,2020-06-26,2304,00:38:24,2147,6049,0.35493469995040505,0.00064468743919459412
member,178,2020-06-26,913,00:15:13,3902,6049,0.645065300049595,0.0011716676235385684
member,179,2020-06-27,1208,00:20:08,9342,20205,0.46236080178173722,0.002805156058200232
casual,179,2020-06-27,2726,00:45:26,10863,20205,0.53763919821826278,0.0032618722179650096
casual,180,2020-06-28,2980,00:49:40,11089,20093,0.55188374060618128,0.0033297340536697037
member,180,2020-06-28,1204,00:20:04,9004,20093,0.44811625939381872,0.0027036635782525039
casual,181,2020-06-29,2568,00:42:48,3579,9258,0.38658457550226832,0.0010746792477305321
member,181,2020-06-29,947,00:15:47,5679,9258,0.61341542449773168,0.0017052538272874242
casual,182,2020-06-30,2447,00:40:47,6082,14383,0.42286032121254258,0.0018262640918404851
member,182,2020-06-30,1044,00:17:24,8301,14383,0.57713967878745742,0.0024925712309056013
casual,183,2020-07-01,2594,00:43:14,6811,15568,0.4375,0.0020451635530295206
member,183,2020-07-01,1019,00:16:59,8757,15568,0.5625,0.0026294959967522406
casual,184,2020-07-02,2602,00:43:22,7602,16292,0.46660937883623865,0.00228267997799595
member,184,2020-07-02,1075,00:17:55,8690,16292,0.53339062116376135,0.0026093776649282825
casual,185,2020-07-03,2848,00:47:28,11170,19984,0.558947157726181,0.0033540562160240409
member,185,2020-07-03,1194,00:19:54,8814,19984,0.44105284227381908,0.0026466115924830705
casual,186,2020-07-04,3046,00:50:46,12269,19637,0.624789937363141,0.0036840569126588146
member,186,2020-07-04,1217,00:20:17,7368,19637,0.37521006263685897,0.0022124159534167532
casual,187,2020-07-05,2991,00:49:51,10947,18233,0.60039488838918442,0.0032870952011472853
member,187,2020-07-05,1237,00:20:37,7286,18233,0.39960511161081558,0.0021877935174531033
casual,188,2020-07-06,2855,00:47:35,6788,14607,0.46470870130759223,0.002038257260015326
member,188,2020-07-06,1037,00:17:17,7819,14607,0.53529129869240777,0.0023478393512168286
casual,189,2020-07-07,2576,00:42:56,6131,14267,0.4297329501647158,0.0018409774986968125
member,189,2020-07-07,1013,00:16:53,8136,14267,0.5702670498352842,0.0024430260853689884
member,190,2020-07-08,1005,00:16:45,8741,15632,0.55917349027635621,0.0026246916190032356
casual,190,2020-07-08,2445,00:40:45,6891,15632,0.44082650972364379,0.0020691854417745448
casual,191,2020-07-09,2435,00:40:35,5997,14532,0.41267547481420314,0.0018007408350488965
member,191,2020-07-09,976,00:16:16,8535,14532,0.58732452518579681,0.0025628352554847977
member,192,2020-07-10,1031,00:17:11,8576,16665,0.51461146114611456,0.0025751464734666226
casual,192,2020-07-10,2505,00:41:45,8089,16665,0.48538853885388539,0.0024289132257312865
casual,193,2020-07-11,2704,00:45:04,12562,22710,0.55314839277851169,0.0037720370801874667
member,193,2020-07-11,1131,00:18:51,10148,22710,0.44685160722148831,0.0030471765873063537
member,194,2020-07-12,1202,00:20:02,9662,22302,0.43323468747197563,0.00290124361318033
casual,194,2020-07-12,2988,00:49:48,12640,22302,0.56676531252802442,0.0037954584217138655
casual,195,2020-07-13,2857,00:47:37,7474,16376,0.45639960918417194,0.0022442449560039109
member,195,2020-07-13,1034,00:17:14,8902,16376,0.543600390815828,0.0026730356701025974
member,196,2020-07-14,1003,00:16:43,9485,17012,0.5575476134493299,0.0028480951843319635
casual,196,2020-07-14,2627,00:43:47,7527,17012,0.4424523865506701,0.0022601594572974897
casual,197,2020-07-15,2316,00:38:36,3414,9147,0.37323712692686128,0.0010251341021939192
member,197,2020-07-15,915,00:15:15,5733,9147,0.62676287307313872,0.0017214686021903157
member,198,2020-07-16,1015,00:16:55,9568,16977,0.5635860281557401,0.0028730178939049261
casual,198,2020-07-16,2521,00:42:01,7409,16977,0.4364139718442599,0.0022247271713985782
member,199,2020-07-17,986,00:16:26,9950,19628,0.50692887711432644,0.0029877224126624181
casual,199,2020-07-17,2500,00:41:40,9678,19628,0.49307112288567351,0.0029060479909293348
casual,200,2020-07-18,2764,00:46:04,13144,22598,0.58164439330914242,0.00394679632080752
member,200,2020-07-18,1108,00:18:28,9454,22598,0.41835560669085758,0.0028387867024432661
casual,201,2020-07-19,3015,00:50:15,8126,14354,0.56611397519855089,0.0024400233492758603
member,201,2020-07-19,1091,00:18:11,6228,14354,0.43388602480144906,0.0018701040388001547
casual,202,2020-07-20,2764,00:46:04,6862,15660,0.43818646232439334,0.0020604775071044737
member,202,2020-07-20,1002,00:16:42,8798,15660,0.5618135376756066,0.0026418072147340655
casual,203,2020-07-21,2191,00:36:31,4398,11923,0.36886689591545752,0.00132060333375772
member,203,2020-07-21,977,00:16:17,7525,11923,0.63113310408454248,0.0022595589100788639
casual,204,2020-07-22,2308,00:38:28,7011,17047,0.4112747110928609,0.0021052182748920816
member,204,2020-07-22,1016,00:16:56,10036,17047,0.588725288907139,0.0030135459430633191
casual,205,2020-07-23,2484,00:41:24,8053,18315,0.43969423969423971,0.0024181033757960254
member,205,2020-07-23,1020,00:17:00,10262,18315,0.56030576030576029,0.0030814077787680136
casual,206,2020-07-24,2583,00:43:03,10013,20360,0.49179764243614932,0.003006639650049125
member,206,2020-07-24,1019,00:16:59,10347,20360,0.50820235756385068,0.003106931035559602
casual,207,2020-07-25,2958,00:49:18,15244,25976,0.58684939944564218,0.0045773709003644122
member,207,2020-07-25,1177,00:19:37,10732,25976,0.41315060055435787,0.003222536375145032
casual,208,2020-07-26,2909,00:48:29,11087,19489,0.56888501205808406,0.0033291335064510783
member,208,2020-07-26,1121,00:18:41,8402,19489,0.43111498794191594,0.0025228988654461947
casual,209,2020-07-27,2532,00:42:12,6343,14807,0.42837846964273657,0.0019046355038711273
member,209,2020-07-27,983,00:16:23,8464,14807,0.57162153035726349,0.0025415158292235885
casual,210,2020-07-28,2582,00:43:02,7805,17849,0.4372793994061292,0.0023436355206864494
member,210,2020-07-28,1025,00:17:05,10044,17849,0.56272060059387086,0.0030159481319378218
member,211,2020-07-29,964,00:16:04,8995,15152,0.59365100316789865,0.0027009611157686885
casual,211,2020-07-29,2425,00:40:25,6157,15152,0.40634899683210135,0.0018487846125389456
member,212,2020-07-30,969,00:16:09,9751,17426,0.55956616549982785,0.0029279679644091698
casual,212,2020-07-30,2443,00:40:43,7675,17426,0.44043383450017215,0.0023045999514757849
casual,213,2020-07-31,2398,00:39:58,10242,21147,0.48432401759114768,0.0030754023065817575
member,213,2020-07-31,998,00:16:38,10905,21147,0.51567598240885237,0.0032744837095561477
member,214,2020-08-01,1072,00:17:52,9964,22604,0.44080693682534067,0.0029919262431927973
casual,214,2020-08-01,2556,00:42:36,12640,22604,0.55919306317465933,0.0037954584217138655
member,215,2020-08-02,1093,00:18:13,7303,14873,0.4910240032273247,0.002192898168811421
casual,215,2020-08-02,2491,00:41:31,7570,14873,0.50897599677267535,0.00227307122249794
casual,216,2020-08-03,2207,00:36:47,4966,12588,0.39450270098506512,0.0014911587438473936
member,216,2020-08-03,912,00:15:12,7622,12588,0.60549729901493488,0.0022886854501822061
member,217,2020-08-04,970,00:16:10,10217,17138,0.59616057883066864,0.0030678954663489371
casual,217,2020-08-04,2337,00:38:57,6921,17138,0.4038394211693313,0.002078193650053929
member,218,2020-08-05,934,00:15:34,10253,17265,0.59386041123660582,0.0030787053162841982
casual,218,2020-08-05,2230,00:37:10,7012,17265,0.40613958876339418,0.0021055185485013943
casual,219,2020-08-06,2251,00:37:31,8180,19120,0.42782426778242677,0.0024562381241787518
member,219,2020-08-06,951,00:15:51,10940,19120,0.57217573221757323,0.0032849932858820957
member,220,2020-08-07,970,00:16:10,11259,21803,0.51639682612484517,0.0033807805672528808
casual,220,2020-08-07,2384,00:39:44,10544,21803,0.48360317387515478,0.0031660849365942245
casual,221,2020-08-08,2578,00:42:58,15928,27786,0.57323832145684872,0.0047827580491343709
member,221,2020-08-08,1088,00:18:08,11858,27786,0.42676167854315122,0.0035606444592312515
casual,222,2020-08-09,2644,00:44:04,12557,22377,0.56115654466639853,0.0037705357121409029
member,222,2020-08-09,1091,00:18:11,9820,22377,0.43884345533360147,0.0029486868434517532
casual,223,2020-08-10,2032,00:33:52,3540,9247,0.38282686276630257,0.0010629685769673327
member,223,2020-08-10,948,00:15:48,5707,9247,0.61717313723369738,0.0017136614883481829
casual,224,2020-08-11,2230,00:37:10,6720,17070,0.39367311072056238,0.0020178386545820553
member,224,2020-08-11,962,00:16:02,10350,17070,0.60632688927943756,0.0031078318563875404
casual,225,2020-08-12,2047,00:34:07,6913,17672,0.39118379357175193,0.0020757914611794267
member,225,2020-08-12,944,00:15:44,10759,17672,0.60881620642824807,0.0032306437625964778
casual,226,2020-08-13,2045,00:34:05,7331,17830,0.41116096466629276,0.0022013058298721794
member,226,2020-08-13,944,00:15:44,10499,17830,0.58883903533370718,0.0031525726241751484
casual,227,2020-08-14,1994,00:33:14,8803,19484,0.451806610552248,0.0026433085827806298
member,227,2020-08-14,963,00:16:03,10681,19484,0.548193389447752,0.003207222421070079
member,228,2020-08-15,1078,00:17:58,10396,22609,0.45981688708036622,0.0031216444424159292
casual,228,2020-08-15,2268,00:37:48,12213,22609,0.54018311291963372,0.0036672415905372978
casual,229,2020-08-16,2484,00:41:24,12863,23514,0.5470358084545377,0.0038624194365906215
member,229,2020-08-16,1125,00:18:45,10651,23514,0.4529641915454623,0.0031982142127906948
member,230,2020-08-17,916,00:15:16,9664,16403,0.58916051941717973,0.0029018441603989556
casual,230,2020-08-17,2127,00:35:27,6739,16403,0.41083948058282022,0.0020235438531589984
casual,231,2020-08-18,2108,00:35:08,7251,18425,0.39354138398914518,0.0021772839411271548
member,231,2020-08-18,919,00:15:19,11174,18425,0.60645861601085482,0.0033552573104612925
member,232,2020-08-19,930,00:15:30,11175,18789,0.59476289318218112,0.0033555575840706051
casual,232,2020-08-19,1984,00:33:04,7614,18789,0.40523710681781894,0.0022862832613077034
member,233,2020-08-20,949,00:15:49,11173,19163,0.58305067056306425,0.0033549570368519794
casual,233,2020-08-20,2090,00:34:50,7990,19163,0.41694932943693575,0.0023991861384093185
member,234,2020-08-21,931,00:15:31,11422,21628,0.5281117070464213,0.003429725165570868
casual,234,2020-08-21,2164,00:36:04,10206,21628,0.4718882929535787,0.0030645924566464963
member,235,2020-08-22,1073,00:17:53,11829,27737,0.42647005804521038,0.00355193652456118
casual,235,2020-08-22,2402,00:40:02,15908,27737,0.57352994195478968,0.0047767525769481147
member,236,2020-08-23,1047,00:17:27,8856,19672,0.45018300122000815,0.0026592230840742086
casual,236,2020-08-23,2405,00:40:05,10816,19672,0.54981699877999191,0.0032477593583273077
casual,237,2020-08-24,2130,00:35:30,6112,15616,0.39139344262295084,0.0018352723001198693
member,237,2020-08-24,898,00:14:58,9504,15616,0.60860655737704916,0.0028538003829089065
member,238,2020-08-25,904,00:15:04,10438,16646,0.627057551363691,0.0031342559340070673
casual,238,2020-08-25,1918,00:31:58,6208,16646,0.37294244863630904,0.0018640985666138986
member,239,2020-08-26,923,00:15:23,10911,17613,0.61948560722193835,0.0032762853512120242
casual,239,2020-08-26,1965,00:32:45,6702,17613,0.38051439277806165,0.0020124337296144245
casual,240,2020-08-27,1935,00:32:15,6152,16116,0.38173243981136756,0.0018472832444923815
member,240,2020-08-27,886,00:14:46,9964,16116,0.61826756018863238,0.0029919262431927973
casual,241,2020-08-28,2022,00:33:42,8007,18816,0.42554209183673469,0.0024042907897676362
member,241,2020-08-28,890,00:14:50,10809,18816,0.57445790816326525,0.0032456574430621181
member,242,2020-08-29,1047,00:17:27,12166,26721,0.4552973316866884,0.0036531287308995959
casual,242,2020-08-29,2335,00:38:55,14555,26721,0.5447026683133116,0.0043704823835478889
casual,243,2020-08-30,2450,00:40:50,12734,23425,0.54360725720384206,0.0038236841409892692
member,243,2020-08-30,1106,00:18:26,10691,23425,0.45639274279615794,0.0032102251571632071
casual,244,2020-08-31,1976,00:32:56,6099,16313,0.37387359774413043,0.0018313687431988027
member,244,2020-08-31,904,00:15:04,10214,16313,0.62612640225586957,0.0030669946455209986
casual,245,2020-09-01,1525,00:25:25,2963,10085,0.29380267724343084,0.00088971070439384365
member,245,2020-09-01,819,00:13:39,7122,10085,0.70619732275656921,0.002138548645525803
casual,246,2020-09-02,1864,00:31:04,6883,18425,0.37356852103120758,0.0020667832529000425
member,246,2020-09-02,901,00:15:01,11542,18425,0.62643147896879237,0.0034657579986884048
member,247,2020-09-03,876,00:14:36,11023,17881,0.61646440355684806,0.0033099159954550587
casual,247,2020-09-03,1813,00:30:13,6858,17881,0.38353559644315194,0.0020592764126672225
casual,248,2020-09-04,2058,00:34:18,9539,20821,0.45814322078670572,0.002864309959234855
member,248,2020-09-04,974,00:16:14,11282,20821,0.54185677921329423,0.0033876868602670755
casual,249,2020-09-05,2466,00:41:06,16476,27044,0.60922940393432923,0.0049473079870377889
member,249,2020-09-05,1095,00:18:15,10568,27044,0.39077059606567077,0.0031732915032177322
member,250,2020-09-06,965,00:16:05,6434,16021,0.40159790275263718,0.0019319604023185926
casual,250,2020-09-06,2353,00:39:13,9587,16021,0.59840209724736282,0.0028787230924818695
casual,251,2020-09-07,2445,00:40:45,12383,22249,0.55656433997033572,0.0037182881041204745
member,251,2020-09-07,1056,00:17:36,9866,22249,0.44343566002966428,0.0029624994294801424
casual,252,2020-09-08,1344,00:22:24,1723,6286,0.27410117721921728,0.00051737142884596447
member,252,2020-09-08,731,00:12:11,4563,6286,0.72589882278078266,0.001370148479294333
member,253,2020-09-09,806,00:13:26,8229,11723,0.70195342489123946,0.0024709515310350791
casual,253,2020-09-09,1465,00:24:25,3494,11723,0.29804657510876054,0.0010491559909389435
casual,254,2020-09-10,1556,00:25:56,2913,9767,0.29824920651172315,0.0008746970239282034
member,254,2020-09-10,786,00:13:06,6854,9767,0.70175079348827685,0.0020580753182299709
member,255,2020-09-11,853,00:14:13,8648,13794,0.62693924894881836,0.0025967661733371449
casual,255,2020-09-11,1576,00:26:16,5146,13794,0.37306075105118169,0.0015452079935236987
member,256,2020-09-12,866,00:14:26,5578,10245,0.54446071254270378,0.0016749261927468308
casual,256,2020-09-12,1718,00:28:38,4667,10245,0.45553928745729622,0.0014013769346628649
casual,257,2020-09-13,2314,00:38:34,11604,22280,0.52082585278276483,0.0034843749624657991
member,257,2020-09-13,1091,00:18:11,10676,22280,0.47917414721723517,0.0032057210530235152
member,258,2020-09-14,864,00:14:24,9254,14096,0.6564982973893303,0.0027787319805807052
casual,258,2020-09-14,1812,00:30:12,4842,14096,0.3435017026106697,0.0014539248162926059
casual,259,2020-09-15,1762,00:29:22,6083,16981,0.35822389729697895,0.0018265643654497979
member,259,2020-09-15,884,00:14:44,10898,16981,0.641776102703021,0.0032723817942909581
casual,260,2020-09-16,1857,00:30:57,6847,17851,0.38356394599742311,0.0020559734029647813
member,260,2020-09-16,883,00:14:43,11004,17851,0.61643605400257684,0.0033042107968781153
casual,261,2020-09-17,1593,00:26:33,5660,15782,0.35863642123938666,0.001699548628710481
member,261,2020-09-17,842,00:14:02,10122,15782,0.64136357876061334,0.0030393694734642206
member,262,2020-09-18,831,00:13:51,9457,15623,0.60532548166165268,0.0028396875232712046
casual,262,2020-09-18,1718,00:28:38,6166,15623,0.39467451833834732,0.0018514870750227608
casual,263,2020-09-19,2101,00:35:01,11802,21690,0.54412171507607188,0.0035438291371097342
member,263,2020-09-19,1011,00:16:51,9888,21690,0.45587828492392807,0.0029691054488850239
casual,264,2020-09-20,2164,00:36:04,10006,19329,0.51766775311707791,0.0030045377347839349
member,264,2020-09-20,986,00:16:26,9323,19329,0.48233224688292203,0.0027994508596232886
casual,265,2020-09-21,1849,00:30:49,5175,14498,0.35694578562560353,0.0015539159281937702
member,265,2020-09-21,889,00:14:49,9323,14498,0.64305421437439647,0.0027994508596232886
casual,266,2020-09-22,1771,00:29:31,5840,16448,0.35505836575875488,0.001753597878386786
member,266,2020-09-22,860,00:14:20,10608,16448,0.64494163424124518,0.003185302447590244
member,267,2020-09-23,857,00:14:17,10815,16886,0.64047139642307238,0.0032474590847179951
casual,267,2020-09-23,1744,00:29:04,6071,16886,0.35952860357692762,0.0018229610821380441
casual,268,2020-09-24,1631,00:27:11,6414,17193,0.37305880300122141,0.0019259549301323365
member,268,2020-09-24,869,00:14:29,10779,17193,0.62694119699877859,0.0032366492347827339
member,269,2020-09-25,896,00:14:56,11254,20607,0.54612510312029894,0.0033792791992063166
casual,269,2020-09-25,1798,00:29:58,9353,20607,0.45387489687970106,0.0028084590679026728
casual,270,2020-09-26,2073,00:34:33,13279,23674,0.56091070372560614,0.0039873332580647484
member,270,2020-09-26,966,00:16:06,10395,23674,0.43908929627439386,0.0031213441688066165
member,271,2020-09-27,981,00:16:21,9109,18774,0.48519228720571,0.0027351923072303484
casual,271,2020-09-27,2048,00:34:08,9665,18774,0.51480771279428994,0.0029021444340082683
casual,272,2020-09-28,1374,00:22:54,2997,9876,0.30346294046172539,0.00089992000711047911
member,272,2020-09-28,776,00:12:56,6879,9876,0.69653705953827461,0.0020655821584627913
casual,273,2020-09-29,1415,00:23:35,3885,12765,0.30434782608695654,0.0011665629721802507
member,273,2020-09-29,794,00:13:14,8880,12765,0.69565217391304346,0.0026664296506977159
casual,274,2020-09-30,1341,00:22:21,3720,12389,0.3002663653240778,0.0011170178266436378
member,274,2020-09-30,773,00:12:53,8669,12389,0.6997336346759222,0.0026030719191327137
casual,275,2020-10-01,1245,00:20:45,2826,9871,0.28629318204842469,0.00084857321991798924
member,275,2020-10-01,754,00:12:34,7045,9871,0.71370681795157531,0.002115427577608717
casual,276,2020-10-02,1533,00:25:33,4569,12677,0.36041650232704897,0.0013719501209502097
member,276,2020-10-02,790,00:13:10,8108,12677,0.639583497672951,0.0024346184243082295
member,277,2020-10-03,889,00:14:49,6743,12853,0.52462460126040611,0.0020247449475962495
casual,277,2020-10-03,1708,00:28:28,6110,12853,0.47537539873959389,0.0018346717529012437
casual,278,2020-10-04,1794,00:29:54,5126,11232,0.45637464387464388,0.0015392025213374428
member,278,2020-10-04,923,00:15:23,6106,11232,0.54362535612535612,0.0018334706584639923
casual,279,2020-10-05,1477,00:24:37,3310,10940,0.30255941499085925,0.00099390564682538731
member,279,2020-10-05,792,00:13:12,7630,10940,0.69744058500914075,0.0022910876390567084
member,280,2020-10-06,841,00:14:01,9522,14110,0.67484053862508864,0.0028592053078765373
casual,280,2020-10-06,1574,00:26:14,4588,14110,0.32515946137491142,0.0013776553195271532
member,281,2020-10-07,860,00:14:20,10140,15417,0.65771550885386265,0.003044774398431851
casual,281,2020-10-07,1610,00:26:50,5277,15417,0.3422844911461374,0.0015845438363436763
casual,282,2020-10-08,1511,00:25:11,4879,14330,0.34047452896022329,0.0014650349398371797
member,282,2020-10-08,827,00:13:47,9451,14330,0.65952547103977666,0.0028378858816153277
member,283,2020-10-09,915,00:15:15,10040,18032,0.55678793256433012,0.0030147470375005707
casual,283,2020-10-09,1887,00:31:27,7992,18032,0.44321206743566993,0.0023997866856279443
casual,284,2020-10-10,2172,00:36:12,12022,21630,0.55580212667591311,0.0036098893311585518
member,284,2020-10-10,975,00:16:15,9608,21630,0.44419787332408689,0.0028850288382774383
casual,285,2020-10-11,2203,00:36:43,8984,17078,0.52605691532966392,0.0026976581060662477
member,285,2020-10-11,972,00:16:12,8094,17078,0.47394308467033608,0.0024304145937778503
casual,286,2020-10-12,1459,00:24:19,2492,8314,0.29973538609574213,0.00074828183440751211
member,286,2020-10-12,767,00:12:47,5822,8314,0.70026461390425787,0.0017481929534191554
member,287,2020-10-13,838,00:13:58,9064,13412,0.67581270504026247,0.0027216799948112718
casual,287,2020-10-13,1600,00:26:40,4348,13412,0.32418729495973753,0.0013055896532920797
casual,288,2020-10-14,1555,00:25:55,4253,13244,0.32112654787073391,0.0012770636604073633
member,288,2020-10-14,833,00:13:53,8991,13244,0.67887345212926609,0.0026997600213314373
casual,289,2020-10-15,1218,00:20:18,3188,10738,0.29688955112683924,0.000957272266489225
member,289,2020-10-15,751,00:12:31,7550,10738,0.70311044887316076,0.0022670657503116838
member,290,2020-10-16,1041,00:17:21,6514,9943,0.65513426531228,0.001955982291063617
casual,290,2020-10-16,1862,00:31:02,3429,9943,0.34486573468772,0.0010296382063336113
casual,291,2020-10-17,1900,00:31:40,5946,12226,0.4863405856371667,0.0017854268809739434
member,291,2020-10-17,860,00:14:20,6280,12226,0.51365941436283336,0.0018857182664844207
member,292,2020-10-18,766,00:12:46,2810,4267,0.65854230138270453,0.00084376884216898435
casual,292,2020-10-18,1450,00:24:10,1457,4267,0.34145769861729552,0.00043749864876875809
member,293,2020-10-19,719,00:11:59,4815,6260,0.76916932907348246,0.0014458174288411601
casual,293,2020-10-19,1355,00:22:35,1445,6260,0.23083067092651757,0.0004338953654570044
member,294,2020-10-20,724,00:12:04,5983,7806,0.76646169613118109,0.0017965370045185172
casual,294,2020-10-20,1130,00:18:50,1823,7806,0.23353830386881885,0.00054739878977724506
casual,295,2020-10-21,1375,00:22:55,2246,8766,0.25621720282911248,0.00067441452651656193
member,295,2020-10-21,749,00:12:29,6520,8766,0.74378279717088747,0.0019577839327194939
member,296,2020-10-22,853,00:14:13,7454,11064,0.67371655820679677,0.0022382394838176547
casual,296,2020-10-22,1674,00:27:54,3610,11064,0.32628344179320318,0.001083987729619229
casual,297,2020-10-23,1283,00:21:23,1473,5836,0.25239890335846471,0.000442303026517763
member,297,2020-10-23,681,00:11:21,4363,5836,0.74760109664153529,0.0013100937574317718
casual,298,2020-10-24,1713,00:28:33,4429,10433,0.4245183552190166,0.001329911815646417
member,298,2020-10-24,854,00:14:14,6004,10433,0.5754816447809834,0.0018028427503140863
member,299,2020-10-25,797,00:13:17,4455,7163,0.62194611196426075,0.00133771892948855
casual,299,2020-10-25,1566,00:26:06,2708,7163,0.37805388803573919,0.00081314093401907818
casual,300,2020-10-26,1022,00:17:02,1015,5466,0.18569337724112697,0.00030477771345249793
member,300,2020-10-26,695,00:11:35,4451,5466,0.814306622758873,0.0013365178350512987
member,301,2020-10-27,774,00:12:54,4228,5178,0.81653147933565084,0.0012695568201745431
casual,301,2020-10-27,1149,00:19:09,950,5178,0.18346852066434918,0.00028525992884716552
member,302,2020-10-28,753,00:12:33,6317,8247,0.765975506244695,0.0018968283900289945
casual,302,2020-10-28,1264,00:21:04,1930,8247,0.23402449375530496,0.00057952806597371526
member,303,2020-10-29,682,00:11:22,5356,6860,0.78075801749271134,0.0016082654514793879
casual,303,2020-10-29,1011,00:16:51,1504,6860,0.21924198250728863,0.00045161150840646
casual,304,2020-10-30,1251,00:20:51,2152,7857,0.27389588901616391,0.00064618880724115816
member,304,2020-10-30,750,00:12:30,5705,7857,0.72610411098383609,0.0017130609411295573
member,305,2020-10-31,911,00:15:11,6581,11124,0.59160373966199209,0.001976100622887575
casual,305,2020-10-31,1853,00:30:53,4543,11124,0.40839626033800791,0.0013641430071080769
casual,306,2020-11-01,1434,00:23:54,1529,4800,0.31854166666666667,0.0004591183486392801
member,306,2020-11-01,730,00:12:10,3271,4800,0.68145833333333339,0.000982194976062188
casual,307,2020-11-02,1304,00:21:44,1553,6823,0.22761248717572916,0.00046632491526278744
member,307,2020-11-02,705,00:11:45,5270,6823,0.77238751282427087,0.0015824419210784867
member,308,2020-11-03,811,00:13:31,7123,10127,0.70336723610151086,0.0021388489191351157
casual,308,2020-11-03,1607,00:26:47,3004,10127,0.29663276389848919,0.00090202192237566871
casual,309,2020-11-04,1639,00:27:19,3117,10237,0.30448373546937579,0.00093595284022801573
member,309,2020-11-04,825,00:13:45,7120,10237,0.69551626453062421,0.0021379480983071777
casual,310,2020-11-05,1546,00:25:46,3253,10434,0.31176921602453517,0.00097679005109455735
member,310,2020-11-05,800,00:13:20,7181,10434,0.68823078397546478,0.0021562647884752588
casual,311,2020-11-06,1984,00:33:04,5220,13599,0.38385175380542685,0.0015674282406128463
member,311,2020-11-06,854,00:14:14,8379,13599,0.61614824619457309,0.002515992572432
member,312,2020-11-07,1051,00:17:31,9427,20302,0.4643384888188356,0.0028306793149918204
casual,312,2020-11-07,2234,00:37:14,10875,20302,0.53566151118116445,0.0032654755012767635
member,313,2020-11-08,1044,00:17:24,7758,15869,0.48887768605457183,0.0023295226610487475
casual,313,2020-11-08,2234,00:37:14,8111,15869,0.51112231394542817,0.002435519245136168
casual,314,2020-11-09,1937,00:32:17,4134,12014,0.34409855168969533,0.0012413311008991393
member,314,2020-11-09,831,00:13:51,7880,12014,0.65590144831030461,0.0023661560413849097
member,315,2020-11-10,737,00:12:17,5637,7640,0.73782722513089,0.0016926423356962864
casual,315,2020-11-10,1388,00:23:08,2003,7640,0.26217277486910995,0.00060144803945355011
casual,316,2020-11-11,1207,00:20:07,1756,7408,0.23704103671706264,0.000527280457953287
member,316,2020-11-11,710,00:11:50,5652,7408,0.76295896328293733,0.0016971464398359785
member,317,2020-11-12,724,00:12:04,5694,7624,0.74685204616998946,0.0017097579314271163
casual,317,2020-11-12,1240,00:20:40,1930,7624,0.25314795383001049,0.00057952806597371526
member,318,2020-11-13,706,00:11:46,4992,6743,0.74032329823520693,0.0014989658576895267
casual,318,2020-11-13,1236,00:20:36,1751,6743,0.25967670176479313,0.000525779089906723
casual,319,2020-11-14,1621,00:27:01,2048,5917,0.34612134527632243,0.00061496035187262631
member,319,2020-11-14,768,00:12:48,3869,5917,0.65387865472367757,0.0011617585944312457
member,320,2020-11-15,655,00:10:55,1979,2731,0.724642987916514,0.00059424147283004272
casual,320,2020-11-15,1376,00:22:56,752,2731,0.2753570120834859,0.00022580575420323
member,321,2020-11-16,717,00:11:57,4745,6039,0.785726113594966,0.0014247982761892636
casual,321,2020-11-16,1185,00:19:45,1294,6039,0.21427388640503395,0.00038855405045077072
member,322,2020-11-17,713,00:11:53,4482,5610,0.79893048128342248,0.0013458263169399958
casual,322,2020-11-17,1151,00:19:11,1128,5610,0.20106951871657755,0.000338708631304845
member,323,2020-11-18,735,00:12:15,4901,6211,0.78908388343261959,0.0014716409592420614
casual,323,2020-11-18,1192,00:19:52,1310,6211,0.21091611656738046,0.00039335842819977562
casual,324,2020-11-19,1442,00:24:02,2168,7790,0.27830551989730423,0.000650993184990163
member,324,2020-11-19,783,00:13:03,5622,7790,0.72169448010269577,0.0016881382315565943
member,325,2020-11-20,831,00:13:51,5904,8411,0.70193793841398167,0.0017728153893828056
casual,325,2020-11-20,1593,00:26:33,2507,8411,0.29806206158601833,0.00075278593854720421
casual,326,2020-11-21,1641,00:27:21,2234,6609,0.33802390679376609,0.00067081124320480818
member,326,2020-11-21,830,00:13:50,4375,6609,0.661976093206234,0.0013136970407435255
casual,327,2020-11-22,1612,00:26:52,1317,4189,0.31439484363809977,0.00039546034346496528
member,327,2020-11-22,843,00:14:03,2872,4189,0.68560515636190023,0.00086238580594637834
member,328,2020-11-23,749,00:12:29,4182,5407,0.7734418346587757,0.0012557442341461539
casual,328,2020-11-23,1470,00:24:30,1225,5407,0.22655816534122433,0.00036783517140818713
member,329,2020-11-24,665,00:11:05,1893,2278,0.83099209833187,0.00056841794242914144
casual,329,2020-11-24,1385,00:23:05,385,2278,0.16900790166812993,0.00011560533958543024
member,330,2020-11-25,721,00:12:01,2165,2700,0.80185185185185182,0.00065009236416222458
casual,330,2020-11-25,1461,00:24:21,535,2700,0.19814814814814816,0.00016064638098235113
member,331,2020-11-26,869,00:14:29,2019,3019,0.66876449155349449,0.000606252417202555
casual,331,2020-11-26,1904,00:31:44,1000,3019,0.33123550844650546,0.00030027360931280582
casual,332,2020-11-27,1859,00:30:59,1475,4514,0.32676118741692511,0.00044290357373638861
member,332,2020-11-27,878,00:14:38,3039,4514,0.67323881258307483,0.000912531498701617
member,333,2020-11-28,963,00:16:03,3725,6184,0.60236093143596381,0.0011185191946902018
casual,333,2020-11-28,2126,00:35:26,2459,6184,0.39763906856403625,0.00073837280530018954
member,334,2020-11-29,852,00:14:12,3108,4632,0.67098445595854928,0.00093325037774420055
casual,334,2020-11-29,1648,00:27:28,1524,4632,0.32901554404145078,0.00045761698059271607
member,335,2020-11-30,647,00:10:47,2860,3369,0.84891659246067086,0.0008587825226346247
casual,335,2020-11-30,1014,00:16:54,509,3369,0.15108340753932917,0.00015283926714021817
member,336,2020-12-01,670,00:11:10,3252,3848,0.84511434511434513,0.00097648977748524457
casual,336,2020-12-01,1217,00:20:17,596,3848,0.15488565488565489,0.00017896307115043228
member,337,2020-12-02,728,00:12:08,3836,4724,0.81202370872142249,0.0011518495653239232
casual,337,2020-12-02,1291,00:21:31,888,4724,0.18797629127857748,0.00026664296506977159
casual,338,2020-12-03,1199,00:19:59,920,4602,0.19991308126901347,0.00027625172056778137
member,338,2020-12-03,721,00:12:01,3682,4602,0.80008691873098647,0.001105607429489751
casual,339,2020-12-04,1363,00:22:43,1139,5291,0.21527121527121526,0.00034201164100728585
member,339,2020-12-04,777,00:12:57,4152,5291,0.78472878472878471,0.00124673602586677
casual,340,2020-12-05,1488,00:24:48,1511,5213,0.28985229234605792,0.00045371342367164959
member,340,2020-12-05,811,00:13:31,3702,5213,0.71014770765394208,0.0011116129016760072
casual,341,2020-12-06,1493,00:24:53,964,3620,0.26629834254143647,0.00028946375937754484
member,341,2020-12-06,795,00:13:15,2656,3620,0.73370165745856353,0.00079752670633481226
member,342,2020-12-07,700,00:11:40,3327,4016,0.82843625498007967,0.000999010298183705
casual,342,2020-12-07,1228,00:20:28,689,4016,0.17156374501992031,0.00020688851681652321
casual,343,2020-12-08,1006,00:16:46,624,4039,0.15449368655607823,0.00018737073221119084
member,343,2020-12-08,709,00:11:49,3415,4039,0.8455063134439218,0.0010254343758032318
member,344,2020-12-09,778,00:12:58,4524,5743,0.78774159846769976,0.0013584378085311336
casual,344,2020-12-09,1460,00:24:20,1219,5743,0.21225840153230019,0.00036603352975231031
casual,345,2020-12-10,1514,00:25:14,1636,6671,0.24524059361415079,0.0004912476248357503
member,345,2020-12-10,818,00:13:38,5035,6671,0.75475940638584915,0.0015118776228899772
member,346,2020-12-11,677,00:11:17,2743,3313,0.827950498038032,0.00082365051034502643
casual,346,2020-12-11,1168,00:19:28,570,3313,0.172049501961968,0.00017115595730829932
casual,347,2020-12-12,1203,00:20:03,444,2033,0.21839645843580915,0.00013332148253488579
member,347,2020-12-12,683,00:11:23,1589,2033,0.78160354156419087,0.00047713476519804847
member,348,2020-12-13,860,00:14:20,2914,4085,0.71334149326805385,0.00087499729753751619
casual,348,2020-12-13,1614,00:26:54,1171,4085,0.28665850673194615,0.00035162039650529564
member,349,2020-12-14,678,00:11:18,3128,3758,0.8323576370409792,0.00093925584993045659
casual,349,2020-12-14,1020,00:17:00,630,3758,0.16764236295902077,0.00018917237386706766
member,350,2020-12-15,679,00:11:19,3194,3809,0.83854029929115248,0.00095907390814510183
casual,350,2020-12-15,1052,00:17:32,615,3809,0.16145970070884746,0.00018466826972737558
member,351,2020-12-16,686,00:11:26,2757,3278,0.84106162294081754,0.00082785434087540564
casual,351,2020-12-16,1198,00:19:58,521,3278,0.15893837705918243,0.00015644255045197184
member,352,2020-12-17,702,00:11:42,2906,3477,0.83577796951394878,0.00087259510866301369
casual,352,2020-12-17,1166,00:19:26,571,3477,0.16422203048605119,0.00017145623091761213
casual,353,2020-12-18,1292,00:21:32,853,4306,0.19809568044588946,0.0002561333887438234
member,353,2020-12-18,737,00:12:17,3453,4306,0.80190431955411057,0.0010368447729571185
member,354,2020-12-19,786,00:13:06,3179,4454,0.7137404580152672,0.00095456980400540972
casual,354,2020-12-19,1698,00:28:18,1275,4454,0.2862595419847328,0.00038284885187382742
casual,355,2020-12-20,1833,00:30:33,1156,3722,0.31058570660934981,0.00034711629236560353
member,355,2020-12-20,842,00:14:02,2566,3722,0.68941429339065019,0.00077050208149665974
member,356,2020-12-21,753,00:12:33,3108,3996,0.77777777777777779,0.00093325037774420055
casual,356,2020-12-21,1411,00:23:31,888,3996,0.22222222222222221,0.00026664296506977159
member,357,2020-12-22,728,00:12:08,3289,4161,0.79043499158856045,0.00098759990102981828
casual,357,2020-12-22,1405,00:23:25,872,4161,0.20956500841143955,0.0002618385873207667
member,358,2020-12-23,742,00:12:22,3029,3867,0.78329454357382988,0.00090952876260848889
casual,358,2020-12-23,1366,00:22:46,838,3867,0.21670545642617015,0.00025162928460413129
member,359,2020-12-24,622,00:10:22,1123,1310,0.85725190839694654,0.00033720726325828096
casual,359,2020-12-24,975,00:16:15,187,1310,0.14274809160305343,5.6151164941494692e-05
member,360,2020-12-25,743,00:12:23,471,690,0.68260869565217386,0.00014142886998633154
casual,360,2020-12-25,1725,00:28:45,219,690,0.31739130434782609,6.5759920439504473e-05
member,361,2020-12-26,789,00:13:09,1441,2036,0.70776031434184672,0.0004326942710197532
casual,361,2020-12-26,1987,00:33:07,595,2036,0.29223968565815323,0.00017866279754111947
member,362,2020-12-27,870,00:14:30,2041,3026,0.67448777263714477,0.00061285843660743671
casual,362,2020-12-27,1862,00:31:02,985,3026,0.32551222736285523,0.00029576950517311372
member,363,2020-12-28,764,00:12:44,2560,3158,0.8106396453451552,0.00076870043984078292
casual,363,2020-12-28,1607,00:26:47,598,3158,0.18936035465484483,0.00017956361836905788
casual,364,2020-12-29,1344,00:22:24,422,2262,0.18656056587091069,0.00012671546313000406
member,364,2020-12-29,704,00:11:44,1840,2262,0.81343943412908926,0.00055250344113556274
member,365,2020-12-30,732,00:12:12,1327,1570,0.84522292993630577,0.00039846307955809335
casual,365,2020-12-30,1571,00:26:11,243,1570,0.15477707006369426,7.2966487063011822e-05
member,366,2020-12-31,800,00:13:20,1815,2265,0.80132450331125826,0.00054499660090274256
casual,366,2020-12-31,1730,00:28:50,450,2265,0.19867549668874171,0.00013512312419076261